id,postalCode,province
AVwc252WIN2L1WUfpqLP,92067,CA
AVwdOclqIN2L1WUfti38,21076,MD
AVwePiAX_7pvs4fzBSAl,98684,WA
AVwdUKE3_7pvs4fz4lE-,64105,MO
AVweQyWNkufWRAb5BZeg,16652,PA
AVweQDZpIN2L1WUf3TA9,31069,GA
AVwdQ0dy_7pvs4fz4BqX,94103,CA
AVwdKLPU_7pvs4fz23YA,8360,NJ
AWE7dKHFIxWefVJwyLgA,20745,MD
AVwcfFGw_7pvs4fzvk4S,92130,CA
AVwdbM6R_7pvs4fz5wdc,60018,IL
AVwemBCCkufWRAb5EZCs,34744,FL
AWE2CYSsIxWefVJwyDrn,60601,IL
AV-TGsFqRxPSIh2RmVF-,2114,MA
AVwct7BzIN2L1WUfoHaP,70130,LA
AWKpI38Q3-Khe5l_hxUR,89101,NV
AWKlQWNQa4HuVbedPUSi,89101,NV
AVzX1GbfFcQ3k02bB73-,2116,MA
AWEhoizBa4HuVbedNJo_,2118,MA
AV-TGwqGIxWefVJwr5Ji,33139,FL
AV3O9oECIxWefVJwjraT,10019,NY
AWNSHai33-Khe5l_ifzh,96815,HI
AWE7h8u53-Khe5l_f4mi,10007,NY
AV1eTXQF3-Khe5l_NF6Q,10016,NY
AWE7h7Cta4HuVbedNeQt,70112,LA
AWE2E2OG3-Khe5l_fwmT,70130,LA
AWKpYhaja4HuVbedPVes,33139,FL
AWKkrZYpa4HuVbedPT1I,89109,NV
AVzOLyE1FcQ3k02bBr9S,10013,NY
AWE2BgHcIxWefVJwyDYU,2116,MA
AVzX37zs-gnIPe8DTHi5,33131,FL
AVzYkxFXFcQ3k02bCKjD,2111,MA
AV-TGuWBa4HuVbedGcJK,10022,NY
AWKr8UBHa4HuVbedPWl2,90012,CA
AWKuEeWka4HuVbedPXff,60611,IL
AWE7he303-Khe5l_f4kC,60611,IL
AWEw3H-UIxWefVJwyAZ0,60654,IL
AV-TGwK3IxWefVJwr5IJ,60654,IL
AWUPNmq6IxWefVJw3c71,60654,IL
AWE1_Z8-RxPSIh2Rsaks,90210,CA
AWKoW_tYa4HuVbedPVUg,94103,CA
AVwdslPrIN2L1WUfyXgP,92118,CA
AVwdsLHMByjofQCxrmsd,19107,PA
AVwdoQs4IN2L1WUfxtHH,10011,NY
AVwdLbuu_7pvs4fz3FIK,60603,IL
AWE2CvxXa4HuVbedNVUf,89109-2010,NV
AVweMjEcIN2L1WUf208j,89101-5108,NV
AVwdLMav_7pvs4fz3CHy,89109-1220,NV
AVwdZiL7kufWRAb55fnk,94102-1102,CA
AVzOLf4aFcQ3k02bBrRN,94559-4010,CA
AVwdLdlp_7pvs4fz3Ffc,70112-1701,LA
AVwdcQ_1ByjofQCxpKUm,94559-4191,CA
AVwdlxF6ByjofQCxqnI2,75211-1313,TX
AV4zBlFx3-Khe5l_SI6V,33040-4535,FL
AVwc93g4_7pvs4fz02fD,60657-2414,IL
AVweERJikufWRAb5_tYe,98122-2812,WA
AV43XxGTIxWefVJwkpQ0,60629-5816,IL
AWIHh69e3-Khe5l_hRq9,60659-3739,IL
AVzOLPqy-gnIPe8DSyDW,60611-2707,IL
AWE70c43RxPSIh2Rslyx,85009-3160,AZ
AVwegEP1IN2L1WUf5hhB,85029-3304,AZ
AVwc-7e9ByjofQCxkSN3,85043-1770,AZ
AVwc800dByjofQCxj9NN,85053-2012,AZ
AVwdNRg6_7pvs4fz3aAJ,85013-2202,AZ
AVzYm8FDFcQ3k02bCM1F,10012-4613,NY
AVwcy8jBByjofQCxiRyD,30313-1801,GA
AVzA2-V13D1zeR_xBA7B,10038-2415,NY
AVwcmSKR_7pvs4fzw4Vf,30305-1444,GA
AVwddxakByjofQCxpZKW,30328-5329,GA
AV6ZfnuiRxPSIh2RlHtM,30336-1731,GA
AV50HD7R3-Khe5l_WcdI,10024-2843,NY
AVwcolBg_7pvs4fzxSnV,30328-6118,GA
AWEw_jvdIxWefVJwyC31,30329-1015,GA
AVweJx1yIN2L1WUf2dB6,10016-7902,NY
AVwcqez9IN2L1WUfng2u,98109-4433,WA
AVz1iS0Q-gnIPe8DUYOb,98109-4412,WA
AVwdEH8rByjofQCxlJBS,98121-1302,WA
AVwcno-SIN2L1WUfnA6k,85035-4105,AZ
AVwdTHcuByjofQCxno_3,85085-2870,AZ
AVwdjn76ByjofQCxqRer,85085-2870,AZ
AVzOLv0p-gnIPe8DSzCs,10021-1827,NY
AVzA2-Dg3D1zeR_xBA6y,10022-7562,NY
AV1ha6JpIxWefVJwgDSa,60654-5010,IL
AVwctAJvkufWRAb5yHGn,85004-1817,AZ
AVwdIPxpkufWRAb52lqx,92806-6022,CA
AWE7MLXnIxWefVJwyHZO,70117-5708,LA
AVweKbcg_7pvs4fzAl_6,70116-1947,LA
AVweQNpgByjofQCxwmvV,70126-5016,LA
AVwclAQx_7pvs4fzwp8i,70130-3511,LA
AVwdY9eSByjofQCxonFk,02108-2902,MA
AV1eTRlWa4HuVbed6vvx,02113-2322,MA
AVwdzuct_7pvs4fz9czc,02114-4603,MA
AV0J-cFz-gnIPe8DU7eF,02128-2213,MA
AVwc4_E0IN2L1WUfqAt3,02116-3104,MA
AVzX379oFcQ3k02bCABU,70112-2502,LA
AVwdLFvZkufWRAb53DST,70116-2701,LA
AVwcn396ByjofQCxgWuk,70116-2434,LA
AVwd9aCj_7pvs4fz-x4v,70116-2593,LA
AVwc4gteByjofQCxjOB5,70130-7101,LA
AVwedxmDByjofQCxydVB,08401-6207,NJ
AVwc5_ErByjofQCxjeZE,08401-6222,NJ
AVwcg3rXkufWRAb5v-bM,92802-3407,CA
AVweJA6NByjofQCxvoCB,92802-1804,CA
AVwchMRI_7pvs4fzv9ZQ,92802-2383,CA
AVweT72ekufWRAb5B0YQ,92802-3802,CA
AV1tg8DXIxWefVJwhAU2,92804-1861,CA
AWE8LfTC3-Khe5l_gKeD,92805-5157,CA
AWE7NkBkRxPSIh2Rse5g,08401-8011,NJ
AVwdDi4c_7pvs4fz1yly,92108-3402,CA
AV1ebL3qRxPSIh2RZ9Z4,19103-1211,PA
AVwckmGrByjofQCxfwut,92120-4403,CA
AVwdBxN9_7pvs4fz1fhn,92109-4919,CA
AVyx85zH8im-6PJyHFPh,92037-4198,CA
AVwdTauckufWRAb54fIK,92111-1303,CA
AVwel0Z4_7pvs4fzEcCk,92131-5155,CA
AVwcnLrgIN2L1WUfm8Ag,19153-3192,PA
AVwck5pr_7pvs4fzwoq8,32827-4347,FL
AVzj5QuL-gnIPe8DTupv,94558-2709,CA
AVwdDOFxByjofQCxk_JC,70112-1605,LA
AWENkUK9IxWefVJwxc2q,70112-1803,LA
AVwdouC6ByjofQCxrEh-,98109-3524,WA
AVwcgshl_7pvs4fzv3ge,98109-5093,WA
AV1eT4k_RxPSIh2RZ5gv,19107-6523,PA
AVz6h463LD2H7whiYPOd,33040-6511,FL
AWEw3i5yRxPSIh2RsYCd,89145-8508,NV
AVwciZhBIN2L1WUfmDDB,08401-6231,NJ
AVwdqHqOIN2L1WUfx_tW,08401-7318,NJ
AVwd3-Mk_7pvs4fz-BmW,60601-3756,IL
AVwelVZLIN2L1WUf6TpO,94109-6417,CA
AVwdk4zOByjofQCxqeEN,30303-1212,GA
AVwdSAbxByjofQCxndJK,30344-5228,GA
AVwc0FWTkufWRAb5zTC1,94102,CA
AVwcuGm4kufWRAb5yS1U,3301,NH
AVwem5e6IN2L1WUf6hOs,60629,IL
AWE1_85Y3-Khe5l_fvSC,33139,FL
AVwdMfstIN2L1WUftNm3,70116,LA
AVwcrjlMkufWRAb5x3pl,49344,MI
AVwc9-5r_7pvs4fz0300,22191,VA
AVwctAsF_7pvs4fzyDXO,27705,NC
AVwdvE4j_7pvs4fz8yXN,92868,CA
AWCIJHukRxPSIh2Rpn0m,80920,CO
AVweS2dLByjofQCxw9tK,90250,CA
AVwdRVEDByjofQCxnV5R,42420,KY
AVwck-4bkufWRAb5wuG9,76102,TX
AVwc1YAxByjofQCxisyY,78254,TX
AV0dLPzA3D1zeR_xEeNe,17821,PA
AVwcg3N2_7pvs4fzv5ft,86351,AZ
AVwcr1EgIN2L1WUfnwTB,30101,GA
AVwdKtV9ByjofQCxmMmU,67801,KS
AVwc9lJ6IN2L1WUfqyHr,70809,LA
AVwcn_UuIN2L1WUfnE9z,86005,AZ
AVweQLaH_7pvs4fzBX7t,19720,DE
AVweguO9ByjofQCxy5sp,28719,NC
AVwc_xwyByjofQCxkbaP,83814-5760,ID
AVwcmz3OByjofQCxgKyJ,02842-7326,RI
AVweWYUoByjofQCxxbOW,80443,CO
AVwelMOBByjofQCxzkgi,67005,KS
AVwdv0jykufWRAb584cG,67156,KS
AVwcouq9ByjofQCxggdI,19901,DE
AVwddvtLkufWRAb56LSt,1440,MA
AVwc8rOXByjofQCxj7p9,50021,IA
AVweKR2p_7pvs4fzAkn5,80601,CO
AVwd55xXByjofQCxth8n,67801,KS
AVween-NByjofQCxylqp,96720,HI
AVwdIiarByjofQCxl1TI,92101,CA
AVwdULI7IN2L1WUfug3B,89030,NV
AVzfTGgI3D1zeR_xCEfw,89014,NV
AVwdtaiekufWRAb58i0E,32819,FL
AVwcs964IN2L1WUfn8s9,32836,FL
AVwdeIAvByjofQCxpcdk,30022,GA
AVwchXuuByjofQCxfJcS,48730,MI
AVwdTMYZ_7pvs4fz4bKf,50459,IA
AVwd-iMF_7pvs4fz-8cF,60108,IL
AVwc_g7-ByjofQCxkYTs,4101,ME
AVwdMsswkufWRAb53Vy0,89158,NV
AVwc-W5uIN2L1WUfq5sp,61107,IL
AVweWs_xByjofQCxxeIo,78701,TX
AVwcutHnkufWRAb5yY8Y,91730,CA
AVwdvtxJIN2L1WUfy0QV,60614,IL
AVwdITNOkufWRAb52mIc,98001,WA
AVwdQtJyIN2L1WUft8Z-,4005,ME
AVwdeg90_7pvs4fz6R13,76048,TX
AVwdygbvIN2L1WUfzOvF,70130,LA
AV1c89jw3-Khe5l_MVmh,23185,VA
AVwdTtLzByjofQCxnu8i,44202,OH
AVwddSUNByjofQCxpUr6,90660,CA
AVwcjlX_IN2L1WUfmRe8,91770,CA
AVwdSrJx_7pvs4fz4VT2,90245,CA
AVwcmlR1IN2L1WUfm1GE,43017,OH
AVwcsGh9_7pvs4fzx5nw,94965,CA
AVwdmeaRByjofQCxqubL,46290,IN
AVweONaz_7pvs4fzBHFP,97415,OR
AVweBE1ZByjofQCxuiP3,91106,CA
AVwc4YmTByjofQCxjMpi,93401,CA
AVwcet5XIN2L1WUflZh9,93401,CA
AVweAboOkufWRAb5_LD7,92264,CA
AVwdbdo_IN2L1WUfvuW5,92630,CA
AVwc-HjcByjofQCxkKD_,91355,CA
AVwczRoS_7pvs4fzzHAx,90620,CA
AVwdu0kjIN2L1WUfyryf,92311,CA
AVwd_QZo_7pvs4fz_DHD,93442,CA
AVwc7W8SByjofQCxjtic,44113,OH
AVweJiq4kufWRAb5AbFH,31714,GA
AVwd_6YpByjofQCxuXwM,30038,GA
AVwckBNxByjofQCxfprT,43202,OH
AVweCPjtkufWRAb5_bTI,43240,OH
AVwc8lRTIN2L1WUfqn1u,24541,VA
AVwdf_nC_7pvs4fz6fvN,34711,FL
AVwcqrBakufWRAb5xtoP,33019,FL
AVwdYhdSkufWRAb55UzN,34613,FL
AVwck0XQkufWRAb5wsZD,33012,FL
AVwc0GB9IN2L1WUfpLnq,32246,FL
AVwcfpZdIN2L1WUflkHt,33755,FL
AV46zijca4HuVbedAGzh,34205,FL
AVwdSP7IIN2L1WUfuMyQ,32117,FL
AVweKVJX_7pvs4fzAlIE,32931,FL
AVwc5D0_kufWRAb50IDu,33767,FL
AVwdQ6jC_7pvs4fz4C1V,33904,FL
AVwc5WdKkufWRAb50LJX,91107,CA
AVwdUCbxkufWRAb54len,33852,FL
AVwc9Ud7IN2L1WUfqvWG,4064,ME
AVwemIqzByjofQCxzs4F,4064,ME
AVweIgTGIN2L1WUf2RdH,4064,ME
AVwdNf0IkufWRAb53eYL,4072,ME
AVwdoZ4oByjofQCxrBgf,67665,KS
AVwcuX3D_7pvs4fzyRwc,20601,MD
AVwczr5ZIN2L1WUfpG-3,52402,IA
AVwd7GbG_7pvs4fz-dGp,52402,IA
AV1tiXLJ3-Khe5l_OyVc,50009,IA
AVwc9__JkufWRAb507S0,28216,NC
AVwdrngDByjofQCxrhXl,94515,CA
AVwcuMl7kufWRAb5yTzU,19901,DE
AVwdkiahkufWRAb57MdV,96815,HI
AVwdDDdOkufWRAb51wMB,99709,AK
AV0XzY0D3D1zeR_xDveH,99501,AK
AVwcvkMH_7pvs4fzyfF-,72712,AR
AVwctdCtIN2L1WUfoCNo,86401,AZ
AVwc3FBckufWRAb5zyMp,37040,TN
AVwd1Xs8IN2L1WUfzoNS,37040,TN
AVweHVUtkufWRAb5AH5e,57006,SD
AVwcihNvkufWRAb5wSQO,30606,GA
AVwdfPyT_7pvs4fz6Ygv,37738,TN
AVwciAExIN2L1WUfl980,25801,WV
AVwcswk2kufWRAb5yEtI,26378,WV
AVwdJ8bqkufWRAb523QF,43812,OH
AVwd0RDUIN2L1WUfzegV,53121,WI
AVwdvr5fIN2L1WUfyz7F,54937,WI
AVwc0xpykufWRAb5zazh,54911,WI
AVwc4UhRkufWRAb5z_hu,54914,WI
AVwd6N7lByjofQCxtkwj,97702,OR
AV1eTehKIxWefVJwfcQ-,97702,OR
AVwdECc3kufWRAb517A0,53546,WI
AVwctte0_7pvs4fzyLDZ,97526,OR
AVwcgAGx_7pvs4fzvvsE,97527,OR
AVwdeqacIN2L1WUfwOT5,20151,VA
AVwcsAd-IN2L1WUfnyZj,79915,TX
AVwcssTBkufWRAb5yD6M,22150,VA
AVwc79vuIN2L1WUfqhQG,97062,OR
AVwcv5kmIN2L1WUfodCi,97116,OR
AVwdqGSCByjofQCxrSX9,97333,OR
AVwdARF1ByjofQCxkgDX,75109,TX
AVwclFGAkufWRAb5wvQ2,78409,TX
AVwdYrkeIN2L1WUfvQ5Y,75052,TX
AVwclqdmByjofQCxf9da,79124,TX
AVwcy-z7ByjofQCxiSGX,79068,TX
AVwdpSmZIN2L1WUfx3Ti,21921,MD
AVwc_auAkufWRAb51KG0,19067,PA
AVwdggVGIN2L1WUfwgeD,24210,VA
AVwc1d-ckufWRAb5zhtw,18018,PA
AVwck7qk_7pvs4fzwpBz,16501,PA
AVwcshif_7pvs4fzx-GW,17013,PA
AVwdYu3LByjofQCxokeB,16830,PA
AVwce0-QByjofQCxetpl,19406,PA
AVwc47jAIN2L1WUfp__5,15459,PA
AVweIMpmkufWRAb5APft,18936,PA
AVwdntpgByjofQCxq6jV,19380,PA
AVwd9kSvIN2L1WUf0wqP,16701,PA
AVwcqjlFByjofQCxg0zY,15301,PA
AV1dN3FM3-Khe5l_Ml9i,17814,PA
AVweWG5SIN2L1WUf4G5w,18106,PA
AVweI3SGkufWRAb5AVNA,19454,PA
AVwc0O3SIN2L1WUfpNXr,53221,WI
AVwdQvX-IN2L1WUft81h,46514,IN
AVwc-NsU_7pvs4fz06Ky,5341,VT
AVwd1Zo5ByjofQCxs7DO,60124,IL
AVwct43gkufWRAb5yQzo,11590,NY
AVweF8PNIN2L1WUf16nQ,11952,NY
AVwcgs6YByjofQCxfCA0,54660,WI
AVwc2hH0ByjofQCxi40F,62703,IL
AVweiemTByjofQCxzK1F,87505,NM
AVwdZtSjkufWRAb55hiZ,27205,NC
AVwcp2gFIN2L1WUfnZ_K,42104,KY
AVwc1J2HkufWRAb5zedV,76548,TX
AVwc1ZBeByjofQCxis-2,29501,SC
AVweEpAl_7pvs4fz_yxU,29601,SC
AVwdmsxgIN2L1WUfxd2g,63026,MO
AVwdvBEu_7pvs4fz8x1n,59701,MT
AVwdksXZByjofQCxqcX2,59701,MT
AVwcncpWIN2L1WUfm-nm,70043,LA
AVweelwAkufWRAb5DStt,55946,MN
AVweGDqg_7pvs4fz__Kt,93536,CA
AVwcvrtf_7pvs4fzygXo,55362,MN
AVwdqlz8kufWRAb58IKh,78745,TX
AVwclijmByjofQCxf72Q,56007,MN
AVwctnEWIN2L1WUfoD7T,61602,IL
AVwdTQ-eByjofQCxnqoR,60115,IL
AWE7_gFaIxWefVJwySRq,62234,IL
AVweA6RkkufWRAb5_PYs,60098,IL
AVwdoF_SkufWRAb57vLK,60440,IL
AVwdiQCbIN2L1WUfwxIt,27518,NC
AVwdgJGY_7pvs4fz6hRC,60176,IL
AVwcknX-kufWRAb5wqI-,61108,IL
AVwdGx1kIN2L1WUfsREl,37067,TN
AVwdLbCR_7pvs4fz3E_E,52722,IA
AVwdAzOmByjofQCxklSy,98110,WA
AVwehqCVByjofQCxzCqv,99362,WA
AVwc-2C-ByjofQCxkRUw,83336,ID
AVwcrOz_ByjofQCxg8lq,19701,DE
AVweZ8IWkufWRAb5Cndr,32504,FL
AVwdIv-nkufWRAb52qab,81321,CO
AVwelvld_7pvs4fzEbbe,32763,FL
AVwdlfmy_7pvs4fz7Vnl,32720,FL
AVwdJiRHIN2L1WUfstG2,32548,FL
AVwcqkWoByjofQCxg07u,34448,FL
AVwd_lC3_7pvs4fz_Fqp,33767,FL
AVwd_9UkkufWRAb5_G8n,33511,FL
AVwd4mnWkufWRAb5-F-V,33480,FL
AVwc9dgR_7pvs4fz0yTg,33860,FL
AVweYZQn_7pvs4fzCef6,33825,FL
AVwdBKXEkufWRAb51cjV,6437,CT
AV1eSqqi3-Khe5l_ND9X,81212,CO
AVwdM97P_7pvs4fz3Wl2,92832,CA
AVwcvSDN_7pvs4fzybs0,92336,CA
AVwdyqou_7pvs4fz9Tv6,95501,CA
AVwdirvhkufWRAb566YH,95501,CA
AVwcssx3_7pvs4fzyAIl,92243,CA
AVwegH5PIN2L1WUf5iA8,90230,CA
AVwcjZpiByjofQCxfiVN,92376,CA
AVwc-bXxkufWRAb50_g9,94965,CA
AWCACyWIIxWefVJwvFeo,92264,CA
AVwc2Ih4ByjofQCxi0n1,91355,CA
AVwear0JkufWRAb5CuHZ,90802,CA
AVweLrdWkufWRAb5AtpR,94704,CA
AVweiyLaByjofQCxzNl0,93422,CA
AVwdP0XqByjofQCxnFOD,92311,CA
AVwdx4G6IN2L1WUfzI1o,93449,CA
AVwdh6K4ByjofQCxqA0x,93449,CA
AVwci6DKByjofQCxfcTl,91755,CA
AVwdIMU6IN2L1WUfsfYz,91016,CA
AVweQYciByjofQCxwoQF,91205,CA
AVwde3QykufWRAb56Vf5,92648,CA
AVwdZCNkkufWRAb55aSK,85250,AZ
AV430t4ua4HuVbed_8GY,63129-1202,MO
AVwehuno_7pvs4fzD1VE,75801-6934,TX
AVwc1kVk_7pvs4fzzfDE,95685,CA
AVwdSCQbIN2L1WUfuKk9,87048,NM
AVwdyADJIN2L1WUfzJ7X,90802,CA
AVwcp94xkufWRAb5xlVI,90210,CA
AVwdTcOPkufWRAb54faJ,84060,UT
AV1eSnM6RxPSIh2RZ2UW,89801,NV
AVwdhhvR_7pvs4fz6u8C,2138,MA
AVwdhNIDByjofQCxp6FY,53711,WI
AVwc56FSIN2L1WUfqKny,1930,MA
AVwd4YrGkufWRAb5-D9i,2446,MA
AVwdA4prByjofQCxkmQp,1960,MA
AVwcmYpakufWRAb5w-F7,1460,MA
AVweAopYIN2L1WUf1Lu4,1915,MA
AVwdoTo5IN2L1WUfxtjk,1089,MA
AVwekNMuByjofQCxzbhw,98201,WA
AVweSefL_7pvs4fzBrws,29801,SC
AVwdYHLfkufWRAb55Q5u,53115,WI
AVwdoNzaIN2L1WUfxsq5,53913,WI
AVwdnFyXIN2L1WUfxhsE,22150,VA
AVwefl5RIN2L1WUf5c-H,76006,TX
AVwdSU1lIN2L1WUfuNkO,68114,NE
AVwciw7-_7pvs4fzwQfp,18015,PA
AVwcutlmByjofQCxhini,7840,NJ
AVwdaEtSByjofQCxoyfu,7065,NJ
AVwdQx2SByjofQCxnQJ6,7974,NJ
AVwchmWlByjofQCxfMRl,44256,OH
AV1eTa3XRxPSIh2RZ4g9,8873,NJ
AVwdu_VMIN2L1WUfytWX,74012,OK
AVwdkhh-kufWRAb57MTg,73644,OK
AVweRbO2ByjofQCxww4l,74728,OK
AVwc5HVjByjofQCxjU5T,28334,NC
AVwd-m1zByjofQCxuMp5,63105,MO
AVweJLA0kufWRAb5AXth,27701,NC
AVweZ3e2ByjofQCxx5JW,28720,NC
AVwdWptGkufWRAb55Bmj,28806,NC
AVwcvs8RkufWRAb5ykXC,49337,MI
AVweIKhnIN2L1WUf2OZn,53806,WI
AVweft8tkufWRAb5DdsN,29483,SC
AVwchCBeIN2L1WUflyzh,45750,OH
AVwdQV8AByjofQCxnLGE,63127,MO
AVwdKpKWkufWRAb52-u5,65401,MO
AVwdMPMMkufWRAb53Qly,30093,GA
AVwdHZRhIN2L1WUfsXYe,94103,CA
AVwddQuQ_7pvs4fz6GMw,67301,KS
AWFAYk4e3-Khe5l_ggpw,21076,MD
AWE2AflvRxPSIh2RsapS,95814,CA
AVwebHhAByjofQCxyD9z,23602,VA
AVwdCHqpIN2L1WUfrgbL,63102,MO
AVwefva7ByjofQCxywip,88030,NM
AVwd7bXeIN2L1WUf0dSW,56007,MN
AVweJh9R_7pvs4fzAdyw,73601,OK
AVwc7OG9_7pvs4fz0boR,45414,OH
AVwcztuoByjofQCxiaDX,11209,NY
AVwdICQgByjofQCxlwlP,28312,NC
AVwcrf5OkufWRAb5x27v,40701,KY
AVwd-eVmByjofQCxuLdF,40209,KY
AVwcsvoSkufWRAb5yEig,97501,OR
AVwdyZUu_7pvs4fz9RT9,93463,CA
AVwciurW_7pvs4fzwQAa,1950,MA
AVzBEbNmFcQ3k02bBd07,4101,ME
AVwc7uurIN2L1WUfqexC,77092,TX
AWEw9jFgIxWefVJwyBzX,20910,MD
AVwclZB0kufWRAb5wyv2,60026,IL
AVwcfuFeByjofQCxe31C,83814,ID
AWE778BPRxPSIh2RsmyR,21061,MD
AVwcnNKA_7pvs4fzxDks,97027,OR
AVweHcpWkufWRAb5AI8_,33140,FL
AVwck98sIN2L1WUfmh97,43068,OH
AWIYGr06IxWefVJwzU-7,21090,MD
AVwdmqiy_7pvs4fz7hqD,87401,NM
AVwdRaBO_7pvs4fz4IBU,93440,CA
AVweefHwkufWRAb5DRkO,93933,CA
AVwd37XCkufWRAb59_zE,33897,FL
AVzA0608-gnIPe8DScDt,90071,CA
AVwcjPyAByjofQCxfgZd,44663,OH
AWB2c3xp3-Khe5l_cVZC,23666,VA
AWE9cbgDa4HuVbedODVc,23336,VA
AVwczUHsByjofQCxiVw7,97211,OR
AVwdV1vUkufWRAb544qz,65804,MO
AVwc5fjDByjofQCxjY7d,29577,SC
AVwchPmqIN2L1WUfl1Ba,80127,CO
AVwdPeLRIN2L1WUftuQB,48034,MI
AVwdPBaX_7pvs4fz3sqC,75701,TX
AVweTBP6_7pvs4fzBwh6,2539,MA
AVwc-UVS_7pvs4fz07J4,96761,HI
AWCqkS1Ea4HuVbedKjtc,23451,VA
AWE7iZZra4HuVbedNeSR,21090,MD
AVwdlCwiIN2L1WUfxMwl,68505,NE
AWIajIQMa4HuVbedO4uB,21202,MD
AVweicmUkufWRAb5D4Fm,34243,FL
AVwelQLiByjofQCxzlFr,49315,MI
AV12lRqCa4HuVbed9qLQ,21202,MD
AV1c84h8a4HuVbed5_Jy,23185,VA
AV1h3NPca4HuVbed7eU8,21202,MD
AV1TpZ3j3D1zeR_xEwq3,21202,MD
AV486Nm5RxPSIh2RfwCY,23451,VA
AWE1_wwU3-Khe5l_fvRW,33139,FL
AVzeBEOHLD2H7whiXH35,21202,MD
AV7aroJkIxWefVJwrHnU,97220,OR
AV0Y-KUd3D1zeR_xD0V3,23451,VA
AVzOLoZuLD2H7whiWa_L,33139,FL
AVwdjKWnIN2L1WUfw6Er,49512,MI
AVwcjX8oByjofQCxfiAS,31093,GA
AVwcy5K2IN2L1WUfo-Q-,14094,NY
AVwcrC6__7pvs4fzxt0Z,93924,CA
AVwd5isBkufWRAb5-ORc,49022,MI
AV0UozSd3D1zeR_xDf4b,78744,TX
AVwculHaIN2L1WUfoOhw,8204,NJ
AVwd-DEG_7pvs4fz-3xL,30337,GA
AVwc6syHIN2L1WUfqTpO,80401,CO
AVwdov0JIN2L1WUfxx7p,2767,MA
AVwem0xukufWRAb5EgAB,22603,VA
AVwdDpCFByjofQCxlDvC,86004,AZ
AVweWAGRkufWRAb5CGjZ,92240,CA
AVwdeSuv_7pvs4fz6P-E,54904,WI
AVwcwKAGByjofQCxhy9u,86336,AZ
AVweK_MLIN2L1WUf2nYd,11215,NY
AVwdpW3VIN2L1WUfx33i,75082,TX
AVweh7AnByjofQCxzFJQ,32819,FL
AVwc40h__7pvs4fz0Br-,32821,FL
AVwdF4LMkufWRAb52NoX,94587,CA
AWE7WbMH3-Khe5l_f2pS,21090,MD
AVwcrCEtkufWRAb5xxoS,11803,NY
AVwcvak-IN2L1WUfoXdI,34228,FL
AVwdhpyykufWRAb56wlT,29401,SC
AVwdjQc8IN2L1WUfw66M,75035,TX
AVwcvH0KkufWRAb5ydpT,93105,CA
AVwdqhloIN2L1WUfyDeb,93103,CA
AVwct0d4IN2L1WUfoGLp,96150,CA
AVweQ4N_IN2L1WUf3Z26,29621,SC
AVwc3m5J_7pvs4fzz0tE,97204,OR
AVwc1MzvkufWRAb5ze8e,78759,TX
AVwdis24IN2L1WUfw1tE,77356,TX
AVwdK_oDIN2L1WUfs82l,80239,CO
AVweTzydIN2L1WUf3zPk,60015,IL
AWE7JcmoIxWefVJwyF90,23435,VA
AVwdKPC__7pvs4fz23_5,23602,VA
AVweS9-SByjofQCxw-eq,10941,NY
AVwdhGiz_7pvs4fz6qjS,32763,FL
AVwd2Y6akufWRAb59yiF,37214,TN
AVweWjsYkufWRAb5CLGd,95304,CA
AVwdrvBRIN2L1WUfyPyy,94085,CA
AVwdAG-3kufWRAb51R3E,57108,SD
AVwc4T84_7pvs4fzz77C,95404,CA
AVwclAvFIN2L1WUfmiiz,90802,CA
AVwdZqsIkufWRAb55hDe,90802,CA
AV0JWKBj3D1zeR_xDTqe,23185,VA
AVzxo_taLD2H7whiX61c,34747,FL
AV488Rmya4HuVbedAaeG,23185,VA
AVwc5tET_7pvs4fz0Lkc,49090,MI
AVwco2f8_7pvs4fzxV0W,34668,FL
AVwc2U28ByjofQCxi2vA,94589,CA
AVwdNnWSByjofQCxmsJL,22601,VA
AVweeKnkkufWRAb5DOf-,8837,NJ
AVwdqySTkufWRAb58KM0,28412,NC
AVwce3U7IN2L1WUflbDh,32407,FL
AVwcz48TkufWRAb5zRFy,17111,PA
AVwcw8G4IN2L1WUfoo4m,37862,TN
AVwcxQ1KkufWRAb5y1V_,17109,PA
AVweeUcLIN2L1WUf5QYf,33140,FL
AVwdZfwJByjofQCxostG,40209,KY
AVweT9pD_7pvs4fzB4SW,48661,MI
AVwdzNR8_7pvs4fz9YR4,78666,TX
AVweR-emIN2L1WUf3jf_,97005,OR
AVwc68x7_7pvs4fz0YnD,93726,CA
AWCACeD5IxWefVJwvFCE,22150,VA
AVwcsDpjkufWRAb5x9QJ,96150,CA
AVwemY7tIN2L1WUf6c-u,19713,DE
AWE8MZSMa4HuVbedNwMH,23435,VA
AVwd8pBeIN2L1WUf0oTs,97067,OR
AVwcf0op_7pvs4fzvtqM,32819,FL
AWE8MMXI3-Khe5l_gKeX,23435,VA
AVwdyc9j_7pvs4fz9RyA,85206,AZ
AVwcw506IN2L1WUfooat,22901,VA
AVwdt0G9ByjofQCxr1sW,77303,TX
AVwcmt3Q_7pvs4fzw9it,7981,NJ
AVweIrnBByjofQCxvlIl,27517,NC
AVwczz3QByjofQCxibOg,87123,NM
AVwc10FFIN2L1WUfpeN7,92530,CA
AVwcrGUBByjofQCxg67W,16159,PA
AVwcgfJGIN2L1WUflsx-,22303,VA
AVwcrBswkufWRAb5xxjx,38305,TN
AWE8B_BEIxWefVJwyS0V,41042,KY
AVwcsHsU_7pvs4fzx51l,38305,TN
AVwdO-dDkufWRAb53uJG,22901,VA
AVwcgR2jIN2L1WUflqcV,92591,CA
AVwdkA2NByjofQCxqVnd,97128,OR
AVwcp0fTByjofQCxgszV,92121,CA
AVwdodCOkufWRAb57y5T,7090,NJ
AVzRUCGiFcQ3k02bBtGD,93933,CA
AVyishNkKV4T4IkwNah7,96816,HI
AVwdbNSKByjofQCxo-w3,92037,CA
AVwdFjBOIN2L1WUfsEXH,80303,CO
AVwdkR_b_7pvs4fz7KEE,43215,OH
AVwcu5l-_7pvs4fzyXbz,95138,CA
AVwdPZBCIN2L1WUfttNM,95113,CA
AVwcoyb0ByjofQCxghKz,33619,FL
AVwdFyZ0kufWRAb52Mxf,32256,FL
AVweUb3O_7pvs4fzB8oA,33477,FL
AVwdvbRAByjofQCxsD7W,79922,TX
AWFFotMF3-Khe5l_gl2_,23502,VA
AVwdatg0ByjofQCxo5S5,23666,VA
AVwcuOPBkufWRAb5yUC0,23508,VA
AWCVdo9B3-Khe5l_co-n,23462,VA
AVwcpARZkufWRAb5xbjH,37214,TN
AVwcsbl6IN2L1WUfn2-N,34102,FL
AVwdl0hzByjofQCxqnsx,33149,FL
AVwd-jTPByjofQCxuMNO,78373,TX
AVwdKp4ZkufWRAb52-2S,34698,FL
AV_JW7Jp3-Khe5l_ZkCd,23462,VA
AVwdcoHLByjofQCxpODR,34117,FL
AVweDZahByjofQCxu3Oh,94103,CA
AVwd-kbGkufWRAb5-7Db,92651,CA
AVwcpFZjIN2L1WUfnRa7,49007,MI
AVwcopCNByjofQCxgfSS,73501,OK
AVwcf7HXkufWRAb5vz24,17769,PA
AWEKjfDC3-Khe5l_es6x,74501,OK
AVwc6TC1IN2L1WUfqPIt,73401,OK
AVweR2I7ByjofQCxw0mU,73401,OK
AVweFB7p_7pvs4fz_18I,73401,OK
AVwdoQnd_7pvs4fz7xO4,73034,OK
AV1c4vmma4HuVbed5sdh,17751,PA
AV1dx8MuIxWefVJwfODu,16351,PA
AVweAqEb_7pvs4fz_PEY,16635,PA
AVwc6Hq2ByjofQCxjf93,15857,PA
AVwdLoTFkufWRAb53JrG,15219,PA
AVweergdIN2L1WUf5UH0,15275,PA
AVzA-V9_FcQ3k02bBaVI,15212,PA
AVweajUb_7pvs4fzCxKh,15701,PA
AVwdkhgoByjofQCxqanu,70663,LA
AV1tgeDbRxPSIh2RbY6f,41008,KY
AVwcsnP8kufWRAb5yC-z,37040,TN
AVwcw3aBkufWRAb5ywtU,56007,MN
AVwcrK3t_7pvs4fzxvP_,45662,OH
AVweSQ1r_7pvs4fzBpxr,74578,OK
AVweNNIG_7pvs4fzA-UF,21601,MD
AVwcy4cRIN2L1WUfo-Hg,15559,PA
AVwekMrEIN2L1WUf6JPE,75503,TX
AVweOxusIN2L1WUf3Hxx,78357,TX
AVwegUhB_7pvs4fzDnzL,79744,TX
AV1b9RLTLD2H7whiajc2,75935,TX
AVweYgHQByjofQCxxtmc,76437,TX
AVwdH0e_IN2L1WUfsbrA,79015,TX
AVweQHRm_7pvs4fzBXYU,76821,TX
AVwdNYdJ_7pvs4fz3bIW,75931,TX
AVwd520rIN2L1WUf0O-M,75901,TX
AVwc6hUwkufWRAb50Xu1,78130,TX
AVweOHQ4IN2L1WUf3CXe,79605,TX
AVwdK68UByjofQCxmO2g,76711,TX
AVweggP5ByjofQCxy3w0,75703,TX
AVwc9X2oByjofQCxkCpx,79109,TX
AVwd6Smx_7pvs4fz-WXn,78041,TX
AVweOoAPkufWRAb5BHJO,4101,ME
AVwcn1skkufWRAb5xPIF,30309,GA
AVweBb9uIN2L1WUf1TLF,54913,WI
AVwcj0Z7IN2L1WUfmUIt,23451,VA
AVweQYUHIN2L1WUf3V6B,94306,CA
AVweUjWf_7pvs4fzB9tn,32830,FL
AVweMWcNIN2L1WUf2zEC,98516,WA
AWBwmDwiIxWefVJwvAe-,23502,VA
AWE7LT6e3-Khe5l_fya-,23666,VA
AVwcfSa0_7pvs4fzvnWr,7201,NJ
AVwdmCSR_7pvs4fz7bSd,94534,CA
AVwedPRFIN2L1WUf5F4r,29572,SC
AVwcqTFj_7pvs4fzxlKs,85658,AZ
AVwdFC24ByjofQCxlSXA,33027,FL
AWEw3wKka4HuVbedNR_y,22202,VA
AVzX38Ya-gnIPe8DTHlj,22202,VA
AWIaksGha4HuVbedO4wB,20706,MD
AVwed2jdkufWRAb5DLdS,23462,VA
AV1js0xi3-Khe5l_OFPG,21202,MD
AWB2Z-WMa4HuVbedJ8XM,23462,VA
AVwdIJ5jkufWRAb52k1c,7094,NJ
AVwdmVn6IN2L1WUfxaEp,33957,FL
AWE7adN_a4HuVbedNc_m,21045,MD
AVwduU_iByjofQCxr6Ak,28720,NC
AVwdgPJD_7pvs4fz6iSB,76208,TX
AVwcrY5MkufWRAb5x1nm,18661,PA
AVwd7-CikufWRAb5-jaK,1801,MA
AVwcvH1UkufWRAb5ydpb,17015,PA
AVwcu-6KIN2L1WUfoS23,30144,GA
AVwdhoAukufWRAb56wPX,43438,OH
AWE9HAL83-Khe5l_gX5M,23061,VA
AWE7OfxKIxWefVJwyIce,21076,MD
AVwd42VKByjofQCxtYTu,22150,VA
AWCAC41O3-Khe5l_cYON,23451,VA
AVwdBHdI_7pvs4fz1Y6B,23451,VA
AWB4WH1Ua4HuVbedJ9Q-,23666,VA
AWE7ZNpGRxPSIh2Rsg6o,21046,MD
AVweG6e1_7pvs4fzAG7n,20784,MD
AVwdIrXykufWRAb52pvI,22312,VA
AVwdA_S0IN2L1WUfrUsO,23350,VA
AVwc2_cd_7pvs4fzzttM,20678,MD
AV48ic48a4HuVbedAUNM,22209,VA
AWFXTHKpa4HuVbedORFN,23336,VA
AVwdeXtd_7pvs4fz6Qul,28092,NC
AVwc_YIF_7pvs4fz1Gha,24382,VA
AVwc6Mep_7pvs4fz0Qmz,34103,FL
AWEKmFPCIxWefVJwxIvY,71854,AR
AWEKqq8Ea4HuVbedMYjz,72632,AR
AVwdbPhX_7pvs4fz5w4U,74133,OK
AVwdG4UsIN2L1WUfsSIb,33607,FL
AVwehpVcIN2L1WUf5wag,97741,OR
AVwch2Y8ByjofQCxfPWJ,81073,CO
AV1eR9no3-Khe5l_NC5U,6111,CT
AVwd6XyFByjofQCxtmNu,24382,VA
AVwc64A1ByjofQCxjoY9,87413,NM
AVwdSwRLByjofQCxnk5Z,80010,CO
AVwch0HqIN2L1WUfl72L,29577,SC
AVwc4QuEIN2L1WUfp4qV,21826,MD
AVwduLVFByjofQCxr4uw,32256,FL
AVweCk9q_7pvs4fz_gzl,97498,OR
AVwebENPIN2L1WUf4xbM,92201,CA
AVwdLgX4ByjofQCxmVs3,6457,CT
AVwdeLcmByjofQCxpdDQ,47403,IN
AVwc2L3JByjofQCxi1LD,28134,NC
AVwck_Q7kufWRAb5wuLy,63801,MO
AVwd2nIhByjofQCxtFF5,28594,NC
AVwcksZ9kufWRAb5wq5b,62002,IL
AVwdRN9o_7pvs4fz4GIn,78238,TX
AVweK9V3kufWRAb5AnT-,75024,TX
AVweDv0bIN2L1WUf1n5A,95492,CA
AVwckt0akufWRAb5wrON,94599,CA
AVweQytcIN2L1WUf3ZG_,90057,CA
AVwdCx0MkufWRAb51tYf,82513,WY
AVwdNLpIIN2L1WUftVK-,82007,WY
AVwd3olc_7pvs4fz9-t5,82701,WY
AVwc0xPhkufWRAb5zau2,29142,SC
AV1th24t3-Khe5l_OxHY,82301,WY
AVwc7MRAByjofQCxjrsp,82718,WY
AVwdCuq8ByjofQCxk5zA,29488,SC
AVwehtY0kufWRAb5Dwod,29303,SC
AVweUPttByjofQCxxJK6,29550,SC
AVwehoS2_7pvs4fzD0UP,29631,SC
AVwddKFFIN2L1WUfwAUo,29118,SC
AVwc0k5lIN2L1WUfpRI-,29118,SC
AVwdxAJGByjofQCxsTCV,29501,SC
AVweVPVYIN2L1WUf3_ik,12937,NY
AVwecTwbByjofQCxyPd_,13333,NY
AVwdKlS8ByjofQCxmLPK,14048,NY
AVwchtJ-_7pvs4fzwD7Q,13601,NY
AVwdo3L8_7pvs4fz73Bd,74631,OK
AVweDJhdIN2L1WUf1i63,73933,OK
AVwdPUoeIN2L1WUftsVT,74804,OK
AVweOTGlIN2L1WUf3D6X,88348,NM
AVwdGlZskufWRAb52U8J,87558,NM
AVwcnmXi_7pvs4fzxH33,87701,NM
AVwc0wA9ByjofQCximI_,87106,NM
AVwdYtHI_7pvs4fz5Vwf,75672,TX
AVweiu9v_7pvs4fzD_MD,33315,FL
AVweiB6KByjofQCxzGQ0,7029,NJ
AVwce3a1ByjofQCxeuE8,53965,WI
AVwc_jrNkufWRAb51LnF,94928,CA
AVwemxGnByjofQCxzyPO,31406,GA
AVweLNkgIN2L1WUf2pN7,17111,PA
AVwdwNXh_7pvs4fz89G4,68154,NE
AVwd-G2B_7pvs4fz-4Q-,73117,OK
AVwdvL1OIN2L1WUfyvMB,68102,NE
AVwcvSBvByjofQCxho9D,68124,NE
AVwc7TFBkufWRAb50f5a,65686,MO
AVweUmQeByjofQCxxMQi,70053,LA
AVwdlSxoIN2L1WUfxPPR,33873,FL
AVwdmkH7IN2L1WUfxcbW,34974,FL
AVwdg97PkufWRAb56pfv,32746,FL
AVwd_MPi_7pvs4fz_Cb6,33401,FL
AVwclpVE_7pvs4fzwxJy,33916,FL
AWEKptZG3-Khe5l_eyJY,33810,FL
AVwdFPOIkufWRAb52Hfs,33019,FL
AVwc3NnkkufWRAb5zztJ,16137,PA
AVwdG0aT_7pvs4fz2Utt,92590,CA
AVwc35Mf_7pvs4fzz387,43420,OH
AVwd_dt-kufWRAb5_Cye,7094,NJ
AVwdcED3ByjofQCxpIRU,8202,NJ
AVweI3b0_7pvs4fzAX8W,96150,CA
AVweObPHByjofQCxwXFS,76201,TX
AVweDf9RByjofQCxu4G9,98383,WA
AVwdETc-_7pvs4fz16y9,40209,KY
AVwdopzekufWRAb570nR,33133,FL
AVwckxAEkufWRAb5wr0H,94087,CA
AVwehEtZByjofQCxy9Hr,34236,FL
AVwdUZ5-kufWRAb54pRh,93101,CA
AVwc3vbXByjofQCxjGPg,92109,CA
AVwd27QekufWRAb593Lq,96143,CA
AVwehklfByjofQCxzB4C,29577,SC
AVwc7i2zIN2L1WUfqcza,43219,OH
AVwdbL8hkufWRAb55xDQ,98402,WA
AVwd0HO5ByjofQCxsvv8,30038,GA
AVweDc0gkufWRAb5_mQM,93720,CA
AVwedQ9okufWRAb5DFsQ,19460,PA
AVwcsZ2uByjofQCxhJsI,77478,TX
AVwcwbCZkufWRAb5ysDL,65802,MO
AVwcuW-C_7pvs4fzyRmP,30519,GA
AVwcm2cTIN2L1WUfm4Rj,14303,NY
AVweLhm1kufWRAb5AsMl,97217,OR
AVweYQzZIN2L1WUf4Zfa,93010,CA
AVwd--7e_7pvs4fz_AdQ,95376,CA
AVwcssHZ_7pvs4fzyAC3,74145,OK
AVwdfd9zIN2L1WUfwV0M,77642,TX
AVwdPkxWIN2L1WUftviL,70503,LA
AV1eTUww3-Khe5l_NFwQ,70508,LA
AVweMppnIN2L1WUf212k,70508,LA
AVwdeqUbkufWRAb56TrI,70601,LA
AVwdTTE3ByjofQCxnrAh,83709,ID
AVwcw6ldByjofQCxh7d4,23005,VA
AVweBIRTByjofQCxuiyk,23227,VA
AVwecdk9kufWRAb5C-l_,27030,NC
AVwdF54p_7pvs4fz2LL5,83814,ID
AV1eThnNa4HuVbed6wos,37663,TN
AVwehmSGByjofQCxzCIN,32780,FL
AVwdiiNakufWRAb564_3,32301,FL
AVwefMM2kufWRAb5DYit,32301,FL
AVwdbNKPIN2L1WUfvrq6,13057,NY
AVwd7g1FkufWRAb5-fYl,93012,CA
AVwefLcrByjofQCxyrBd,42103,KY
AVweCYS4kufWRAb5_cle,42104,KY
AVwdJJWc_7pvs4fz2sLy,42104,KY
AVzsuPbiLD2H7whiXykw,48450,MI
AVwdVuRoByjofQCxoETr,49660,MI
AVwc_ZPqByjofQCxkXMO,49749,MI
AVwcvIC5_7pvs4fzyZ3q,48813,MI
AVwc4Yue_7pvs4fzz8sE,49918,MI
AVwcp0Y1ByjofQCxgsyk,49855,MI
AVweT7BLByjofQCxxGNj,4609,ME
AVwcyfMkkufWRAb5zCVk,4609,ME
AVwcwguUByjofQCxh3CQ,4609,ME
AVweGche_7pvs4fzACko,4609,ME
AVwd18R9IN2L1WUfztHv,4855,ME
AWEKmvC73-Khe5l_exdd,69210,NE
AVwdjWln_7pvs4fz7As6,68801,NE
AVwcrg5zIN2L1WUfns34,61938,IL
AVwc9KMbByjofQCxkAXG,62274,IL
AVweUEQg_7pvs4fzB5Rz,60957,IL
AVwcoyGLkufWRAb5xZDn,4210,ME
AVwdyBCp_7pvs4fz9N1Z,61455,IL
AVweXnn6_7pvs4fzCYBw,61866,IL
AV1flj1e3-Khe5l_NQb1,61832,IL
AVwdQXFA_7pvs4fz38Rr,61834,IL
AWEKmSZsa4HuVbedMW7A,61611,IL
AVwce-UYkufWRAb5voYL,61801,IL
AVwciv35kufWRAb5wU6P,70506,LA
AVwePzcTIN2L1WUf3Q2t,70601,LA
AVwctu4EByjofQCxhYDN,70665,LA
AWEKnvsxRxPSIh2Rriq8,71270,LA
AVwc2s2QkufWRAb5zuMI,93953,CA
AVweBbVfByjofQCxuldA,90250,CA
AVwdJKj3_7pvs4fz2sZ1,19462,PA
AVwd_MEhByjofQCxuRxR,78611,TX
AVwdUhstkufWRAb54qil,78611,TX
AV1XW5K3-gnIPe8DWvlR,68853,NE
AVwdp_FrkufWRAb58CGu,69337,NE
AVwduvE2IN2L1WUfyrFI,68801,NE
AVwc2GJ4IN2L1WUfphVS,68508,NE
AVweRNdM_7pvs4fzBgi3,21851,MD
AVweDsvnByjofQCxu50y,3254,NH
AVwdgPN-IN2L1WUfwdw4,3595,NH
AVwcwD-xIN2L1WUfoe8r,89109,NV
AVwcptt5ByjofQCxgro9,89104,NV
AVwc65WOByjofQCxjoln,3574,NH
AVwd4kYsIN2L1WUf0DcH,58201,ND
AVweO6qWByjofQCxwbLH,14850,NY
AVwdhv9bIN2L1WUfwsbJ,1810,MA
AVwegRKpkufWRAb5Di-N,76306,TX
AVwehEhfByjofQCxy9FY,29142,SC
AVwdfcZsByjofQCxpop-,75964,TX
AVweCV17IN2L1WUf1bj3,77423,TX
AWCPOg2rRxPSIh2RpqQS,46240,IN
AVwdgDBZIN2L1WUfwbss,47905,IN
AVwcoE7vIN2L1WUfnF8Y,47905,IN
AVwd5pcSByjofQCxtfpr,47905,IN
AVwc6uOPkufWRAb50Z2v,38012,TN
AV1tg8laIxWefVJwhAYd,37716,TN
AVwc-pYckufWRAb51B78,37722,TN
AVwdR1DDkufWRAb54OZF,38474,TN
AVwdkoMR_7pvs4fz7NUN,37047,TN
AVwcqxKRkufWRAb5xukl,37091,TN
AV1c_eI-3-Khe5l_MeAr,38372,TN
AVwcnCNK_7pvs4fzxBVL,37321,TN
AVwd6l6qByjofQCxtoVE,37932,TN
AVwd80Xi_7pvs4fz-sc2,38401,TN
AVwdF-vQ_7pvs4fz2MDf,37303,TN
AVwdedYBByjofQCxpfhj,6810,CT
AVwdAzazByjofQCxklVH,6810,CT
AVweJHMNkufWRAb5AXKd,54016,WI
AVwdAJcC_7pvs4fz1PG7,47715,IN
AVwcrIWVIN2L1WUfnoSf,87740,NM
AVwcw-3t_7pvs4fzyuag,80517,CO
AVwc4QylByjofQCxjLYZ,81620,CO
AVwdOdQNkufWRAb53o6I,80229,CO
AVwciaxnIN2L1WUfmDRr,53965,WI
AVwdIKHkIN2L1WUfsfCF,54660,WI
AVwd7mjmkufWRAb5-gJy,54201,WI
AVwcfg8-kufWRAb5vvJX,54771,WI
AV0IJ3wqLD2H7whiYXuf,54016,WI
AVwddXlaIN2L1WUfwCRd,53949,WI
AV1eUgT83-Khe5l_NIvH,60431,IL
AWEKmPuq3-Khe5l_ewfE,60447,IL
AVwdtNL9IN2L1WUfydWO,61354,IL
AVweIbz-kufWRAb5ARjg,61032,IL
AVwdwSj0ByjofQCxsMhE,61032,IL
AVwco5ow_7pvs4fzxWUg,37863,TN
AVwcv9KIkufWRAb5ym-h,37863,TN
AVz6h4ZP3D1zeR_xDHs1,37862,TN
AVwdSok__7pvs4fz4U5b,42071,KY
AVwc2Til_7pvs4fzzmhS,37055,TN
AVweBlu1ByjofQCxum6C,37072,TN
AVwc5FUvIN2L1WUfqBv-,37072,TN
AVwdNXvcByjofQCxmp6B,37919,TN
AVwdrHtckufWRAb58Ncf,38401,TN
AVweMpa5kufWRAb5A2O7,37919,TN
AVwdJThGkufWRAb52wY1,37601,TN
AVwdQT-0_7pvs4fz37uD,37604,TN
AV1eUB93RxPSIh2RZ522,47978,IN
AWFFx0t_3-Khe5l_gouq,47374,IN
AVwdvDXGByjofQCxsAiz,53716,WI
AVwdLgAB_7pvs4fz3F80,40511,KY
AVwd5W9XkufWRAb5-MxP,50010,IA
AVwdRKnh_7pvs4fz4FkJ,32301,FL
AVwdoWqX_7pvs4fz7yJs,53233,WI
AVwdDE1H_7pvs4fz1tWn,53718,WI
AVweQ3W7_7pvs4fzBdov,57106,SD
AV1flIFgIxWefVJwfjV0,57106,SD
AVwc56Le_7pvs4fz0Nb_,33140,FL
AVwc1BxfIN2L1WUfpWQh,75038,TX
AVzA-lh4FcQ3k02bBahx,74133,OK
AVweHXMFIN2L1WUf2HLA,33762,FL
AVwdpk-ckufWRAb579_P,33612,FL
AVzOLKKGLD2H7whiWaQA,37214,TN
AVwdRcddkufWRAb54KH3,21401,MD
AVweBvbiIN2L1WUf1WH9,80237,CO
AVwcrU0yIN2L1WUfnqmO,33020,FL
AVwcfADZIN2L1WUflcq2,92129,CA
AVwcmcqPkufWRAb5w-y1,29403,SC
AVwdPtvAByjofQCxnEBD,93940,CA
AVwch8UZ_7pvs4fzwG7j,93013,CA
AVwdiEWP_7pvs4fz60Lc,93023,CA
AVwdZv04ByjofQCxovcE,61074,IL
AVwcgpWv_7pvs4fzv2_k,60408,IL
AVwdxcGQByjofQCxsXWr,60914,IL
AVwc40Us_7pvs4fz0Box,30337,GA
AVwcyqskIN2L1WUfo7u7,30337,GA
AVwcobY2kufWRAb5xVG7,48910,MI
AVwc1J5lByjofQCxiqZT,32578,FL
AVwcohF6IN2L1WUfnK7O,33950,FL
AVwdfUT2_7pvs4fz6ZGu,90069,CA
AVwd9pz7IN2L1WUf0xla,2109,MA
AVwdwFIEkufWRAb587Ef,6880,CT
AVwdms0k_7pvs4fz7iCg,92530,CA
AVweR0uI_7pvs4fzBl8u,95446,CA
AVwckL-d_7pvs4fzwg58,94559,CA
AVweK5-wByjofQCxv41g,30553,GA
AVwd1buK_7pvs4fz9r3n,33603,FL
AVwdn97zIN2L1WUfxqJg,11231,NY
AVwcwSXiIN2L1WUfohjW,73159,OK
AVwdjz2H_7pvs4fz7FZA,89109,NV
AVwc2Wn-ByjofQCxi3DK,96756,HI
AVwdw3lv_7pvs4fz9DOJ,29401,SC
AVwdBTWVIN2L1WUfrYF3,20151,VA
AVweTd2XIN2L1WUf3wZ1,8505,NJ
AVwctyZkIN2L1WUfoF2k,33610,FL
AVwd14lTIN2L1WUfzsgz,22030,VA
AVwc9057IN2L1WUfq0Vf,24061,VA
AVweNkj4kufWRAb5A-MA,29615,SC
AVwcoMCE_7pvs4fzxOQ6,5149,VT
AVweL5sn_7pvs4fzAyoj,37917,TN
AVwd5A0hIN2L1WUf0HYx,42103,KY
AVwdYcSs_7pvs4fz5Sz5,42104,KY
AVwc8morkufWRAb50tS8,92802,CA
AVwcrALLByjofQCxg5vg,40505,KY
AVwc8kL0IN2L1WUfqno4,77449,TX
AV1duqYRRxPSIh2RZeyw,49548,MI
AVweXVo8IN2L1WUf4Rhl,48108,MI
AWFFwvTpIxWefVJwywC8,20746,MD
AVwdT6nuIN2L1WUfueWU,63110,MO
AVwdDWGe_7pvs4fz1waT,31401,GA
AVweLc3nIN2L1WUf2rSf,30909,GA
AVwdLzgsIN2L1WUftGHN,59901,MT
AVwciXwCkufWRAb5wQoY,59602,MT
AVwdmG6pByjofQCxqqlD,94583,CA
AVwdfLgKIN2L1WUfwTDo,30096,GA
AVweDmY3ByjofQCxu45r,55403,MN
AWEw--2R3-Khe5l_fuXk,44505,OH
AVwdiv_oIN2L1WUfw2ST,73160,OK
AVwce-r0ByjofQCxevYU,40202,KY
AVwehabgkufWRAb5Dtwg,27705,NC
AVwc86f6IN2L1WUfqrX4,90303,CA
AVzBLH7C-gnIPe8DSkd5,73118,OK
AVwdhqELIN2L1WUfwrpG,15301,PA
AVwc7s33_7pvs4fz0gsE,74133,OK
AVwdME1m_7pvs4fz3Mdy,60007,IL
AVwdFWbu_7pvs4fz2Fw9,73112,OK
AVwdHZ8IByjofQCxlqQL,83702,ID
AVwdeDTyByjofQCxpbxW,44114,OH
AVwcp3RrkufWRAb5xkVr,94102,CA
AVwdp57LIN2L1WUfx9jx,18018,PA
AVwec3DuIN2L1WUf5Cif,77010,TX
AVwc0qs5_7pvs4fzzV6q,95833,CA
AVwcyB1VkufWRAb5y9qO,21075,MD
AVwc1VAjByjofQCxisUh,21090,MD
AVwd48qU_7pvs4fz-Kqw,33401,FL
AVwdC-utByjofQCxk8Zp,75402,TX
AVwddCFckufWRAb56Esb,48108,MI
AVwc0od1kufWRAb5zZEu,68847,NE
AVwdTiJ0_7pvs4fz4er6,29577,SC
AVwcodRYkufWRAb5xVar,53965,WI
AVwcwLYaByjofQCxhzPp,77056,TX
AVwdLyGTByjofQCxmYtr,77002,TX
AVwdZUqUIN2L1WUfvX1-,59601,MT
AVwdRH7-_7pvs4fz4FJ5,94588,CA
AV1eS2suRxPSIh2RZ3G4,88345,NM
AVwdCh5NkufWRAb51qsC,4915,ME
AVwdAPPNByjofQCxkfz8,15522,PA
AVwdYBya_7pvs4fz5O1m,21601,MD
AVwc_AdeIN2L1WUfrAQc,23112,VA
AV1dAdj93-Khe5l_Mf_H,22835,VA
AVwdKJeSkufWRAb525Zk,5476,VT
AVwchXZykufWRAb5wEPG,5766,VT
AVweb2I5IN2L1WUf44wk,71854,AR
AVweBrj-IN2L1WUf1Ve9,24084,VA
AVwdcE1CByjofQCxpIZm,75103,TX
AVwc4_NSIN2L1WUfqAvs,63103,MO
AVwd4FzV_7pvs4fz-CvU,92840,CA
AVwdN3xQIN2L1WUftcHN,28273,NC
AVwdKYkIkufWRAb5278r,28086,NC
AVwchQut_7pvs4fzv-NP,28217,NC
AVwdMQ1dByjofQCxmeAV,91356,CA
AVwcx_jnByjofQCxiH38,4841,ME
AV0aKldgLD2H7whiZV4z,65041,MO
AVwdKCWl_7pvs4fz2152,70508,LA
AVwd5J11IN2L1WUf0IwM,8244,NJ
AVwc_AL3kufWRAb51Fs_,18938,PA
AV1c4fcP3-Khe5l_MBlT,93446,CA
AVwcfjQHByjofQCxe2Gz,94513,CA
AVweI1bPkufWRAb5AU9i,6851,CT
AVwcinryIN2L1WUfmFw3,29401,SC
AVwc_Ok-IN2L1WUfrCnK,33019,FL
AVwcn_gs_7pvs4fzxMRD,98109,WA
AVwc6_9sByjofQCxjpxZ,12496,NY
AVweM2Xl_7pvs4fzA7OA,31401,GA
AVwcvPudkufWRAb5yfGh,33767,FL
AVwdJnhj_7pvs4fz2xTN,52345,IA
AWE7eU3BRxPSIh2RsjBu,65109,MO
AVwd5l5LkufWRAb5-Oz1,93401,CA
AVwdMuQ1kufWRAb53WBV,11232,NY
AVwckpvX_7pvs4fzwl_a,15701,PA
AVwcxm5S_7pvs4fzy1gQ,45414,OH
AVwcvDNLkufWRAb5yc4L,29680,SC
AVwdRpzaByjofQCxnZQ8,18109,PA
AVweVteHByjofQCxxV-T,72201,AR
AVwee2ex_7pvs4fzDZj5,81224,CO
AV1c7KRqRxPSIh2RY4wt,78624,TX
AV1eTHJWa4HuVbed6vFu,81657,CO
AVwc2FDh_7pvs4fzzkAr,43054,OH
AVwc_NK1kufWRAb51Hzf,43213,OH
AVwcugVE_7pvs4fzyTYc,11216,NY
AVwdq1C9ByjofQCxrZiT,33019,FL
AVwc_cfckufWRAb51KWR,97218,OR
AVwdkc9TIN2L1WUfxG-M,32118,FL
AVweK_94kufWRAb5Antu,73108,OK
AVwdfpBRByjofQCxpqoc,97217,OR
AVweE6M6IN2L1WUf1xr2,3063,NH
AVwed-yWIN2L1WUf5NSx,10011,NY
AVwdLuhokufWRAb53Kua,73104,OK
AVwc9DlEIN2L1WUfqsqL,26501,WV
AVwdtuoFByjofQCxr08w,80124,CO
AVwchf6wIN2L1WUfl4Ez,98121,WA
AVwdF7N0ByjofQCxlbBF,29601,SC
AVwedbstByjofQCxyZ5i,95482,CA
AVwdCEmLByjofQCxkylh,12946,NY
AVwc2rCTkufWRAb5zt6J,96002,CA
AVwc1FvUByjofQCxipvD,78751,TX
AVweW7kQByjofQCxxgNE,78752,TX
AVweU0vj_7pvs4fzCALn,85546,AZ
AVwc_rwDByjofQCxkaXN,85364,AZ
AVwckMrdkufWRAb5wllt,85364,AZ
AVwcn4vw_7pvs4fzxLJj,86001,AZ
AVwcwUbT_7pvs4fzynMq,86004,AZ
AVwd3OXr_7pvs4fz97MM,86301,AZ
AVwcte5YByjofQCxhVYS,86303,AZ
AVweVjEFkufWRAb5CCvi,40503,KY
AVwcwBaz_7pvs4fzykCo,40509,KY
AWE71D_hIxWefVJwyO98,39183,MS
AVwemRsOIN2L1WUf6cCe,30241,GA
AVwdzqms_7pvs4fz9cNO,26241,WV
AV1thbpR3-Khe5l_Ovyh,5446,VT
AVwc-JwIIN2L1WUfq3r-,71202,LA
AWE703bh3-Khe5l_f-iy,37388,TN
AVweT-X4IN2L1WUf30aw,83873,ID
AVwdik7FByjofQCxqHmQ,59019,MT
AV_2L3v1RxPSIh2RoCSt,41042,KY
AVweNqvL_7pvs4fzBCRY,40209,KY
AVwdpmKskufWRAb57-Mw,45387,OH
AV1tg3ASRxPSIh2Rbbgq,45219,OH
AVwdXhEg_7pvs4fz5Jcn,2540,MA
AVwd_WMCkufWRAb5_B7i,50266,IA
AV1tgZ7ca4HuVbed8TZK,62208,IL
AVwd3D9JkufWRAb594Sj,98327,WA
AVwdOJKHByjofQCxmyAO,32218,FL
AV1eTj86IxWefVJwfccW,40422,KY
AVwdkucOkufWRAb57OSJ,70116,LA
AVwdmbC0_7pvs4fz7fLt,71111,LA
AVwc5AUsByjofQCxjTsN,3904,ME
AVwc2qWJIN2L1WUfpnng,1105,MA
AVwciAfv_7pvs4fzwHfE,43026,OH
AVweiiVQ_7pvs4fzD9f3,87123,NM
AVwc7Say_7pvs4fz0cTU,89027,NV
AVwcrf3WByjofQCxg_pl,89029,NV
AVwcjLxGkufWRAb5wZ24,60901,IL
AVwcv176_7pvs4fzyiBK,90401,CA
AVwdD7o4kufWRAb515wr,38804,MS
AVwc6veOkufWRAb50aEF,72956,AR
AVwd9xfEByjofQCxuFF8,89015,NV
AVwcpfFpkufWRAb5xgmr,78205,TX
AVwejMBmkufWRAb5D--V,29577,SC
AV1tiALd3-Khe5l_OxeJ,78232,TX
AVwcgoceIN2L1WUfluZ2,76006,TX
AVwdtqsX_7pvs4fz8l0Z,53901,WI
AVwcttFyIN2L1WUfoE5G,6357,CT
AVweH7Q1_7pvs4fzAQIg,73096,OK
AVwdEex-kufWRAb51_kQ,98270,WA
AVwctD7b_7pvs4fzyD7J,75093,TX
AVwdSL7dIN2L1WUfuMMQ,21045,MD
AVwcnnH9IN2L1WUfnAfW,81621,CO
AVwdrL71kufWRAb58ONY,70808,LA
AVwegRCDIN2L1WUf5jby,29451,SC
AVwcxNfT_7pvs4fzyxCU,29572,SC
AVwdQNOhByjofQCxnJpN,80126,CO
AVweBt7ekufWRAb5_Ww6,40475,KY
AVwdXngiByjofQCxoZGE,74112,OK
AVwc4PdrByjofQCxjLOH,46825,IN
AVweMtDiByjofQCxwIf5,48187,MI
AVwddiIskufWRAb56JOp,45373,OH
AVweXjkKkufWRAb5CTgt,92111,CA
AVwc1F3fIN2L1WUfpW5-,97401,OR
AVwdBMcp_7pvs4fz1Zv4,82001,WY
AVwd1ysZByjofQCxs-N5,14845,NY
AVwc99vI_7pvs4fz03nG,32608,FL
AVwdGS8-ByjofQCxlfGE,44305,OH
AVwdPOIWIN2L1WUftrRK,21401,MD
AVwc1t-FkufWRAb5zkAS,13057,NY
AVwec5IOByjofQCxyU9Z,53965,WI
AVwdfya-IN2L1WUfwY7B,58601,ND
AVwcu--CkufWRAb5ycKI,3842,NH
AVwckZspkufWRAb5wns9,90024,CA
AVwejXZhIN2L1WUf6A9l,80829,CO
AVzj61sFLD2H7whiXWvv,80447,CO
AV1eT2MnRxPSIh2RZ5aK,97914,OR
AV1tgeI43-Khe5l_OqL5,81657,CO
AVwc-6nWIN2L1WUfq_Rx,81433,CO
AVwdQeSUByjofQCxnMdM,83402,ID
AVwcq3c9ByjofQCxg4Iw,83402,ID
AVweisiYIN2L1WUf56hQ,99163,WA
AVwdnVT4_7pvs4fz7oQP,81503,CO
AVwdJnQukufWRAb52zqQ,3253,NH
AVwcl2Qh_7pvs4fzwzs6,71483,LA
AVwdjJDaIN2L1WUfw53Z,97205,OR
AVwcoZmUByjofQCxgcjd,84648,UT
AVwdlzJ5ByjofQCxqnfu,78373,TX
AVwc17-JByjofQCxiydp,98662,WA
AVwdmhR8IN2L1WUfxb7b,95991,CA
AVweJF-HkufWRAb5AW-s,93023,CA
AVwc4KZE_7pvs4fzz6k4,57783,SD
AVwdUMFYIN2L1WUfuhAe,1035,MA
AVwd7XXKkufWRAb5-eHh,33020,FL
AVwecF7_IN2L1WUf47Ju,23047,VA
AVweSUvXByjofQCxw4zd,22202,VA
AVwcnNDb_7pvs4fzxDju,37821,TN
AVwdAGHiByjofQCxkete,89122,NV
AVwcjhtQ_7pvs4fzwZNe,43017,OH
AVwdKgNv_7pvs4fz26-b,80202,CO
AVwcyP45_7pvs4fzy8DN,37402,TN
AVwctKf2IN2L1WUfn-5E,32308,FL
AVweRVJPByjofQCxwwK8,2719,MA
AVwdj5J_kufWRAb57GTN,32608,FL
AVwcyOnzByjofQCxiKAI,33019,FL
AVweG6dMIN2L1WUf2DYu,33409,FL
AVwdStur_7pvs4fz4Vw4,96002,CA
AVwdBMQSByjofQCxkppl,29401,SC
AVwdngfxkufWRAb57pgM,6460,CT
AVweZN42_7pvs4fzClpB,70808,LA
AVweADoNByjofQCxuZD0,54143,WI
AVwcuP1bByjofQCxhdmm,49423,MI
AVwcp0f3ByjofQCxgszY,46033,IN
AVwcizCGByjofQCxfbBv,37027,TN
AVwc76DDIN2L1WUfqgpv,55021,MN
AV1flKIERxPSIh2RZ_qT,67637,KS
AVwc0A7KByjofQCxidZX,58601,ND
AVwdVxHt_7pvs4fz42YS,18507,PA
AVwd6MDjIN2L1WUf0SCn,37738,TN
AVwdrUH9IN2L1WUfyLtz,92230,CA
AVwc5rFrByjofQCxjbI9,48226,MI
AVweRUhDIN2L1WUf3dwN,46204,IN
AVwcpVEqByjofQCxgnPU,15206,PA
AVwcvG4kByjofQCxhm_k,32821,FL
AVwdVFGMByjofQCxn9fU,52807,IA
AVwczZzfByjofQCxiWrI,20171,VA
AVwdxLDrIN2L1WUfzCEi,66762,KS
AVwcw7D5IN2L1WUfoorC,45895,OH
AVwdTEyTByjofQCxnojP,71202,LA
AV1thRNIIxWefVJwhCPm,24333,VA
AVwdIoEIIN2L1WUfsjZa,24202,VA
AVwc2wu5ByjofQCxi7l9,40033,KY
AVweSJFykufWRAb5BlKg,80249,CO
AVzj7L9vFcQ3k02bComN,81328,CO
AVwc_sPfByjofQCxkadY,80828,CO
AVwdjdgQIN2L1WUfw8zO,81423,CO
AVwc6ahtkufWRAb50Wq7,80701,CO
AVwdBQMu_7pvs4fz1aWU,62535,IL
AVwdps4gkufWRAb57_RI,81506,CO
AVwd6GpXByjofQCxtjxX,28779,NC
AVwdKfPSkufWRAb529Gj,70668,LA
AVwckPqFkufWRAb5wmD2,86046,AZ
AVwcp6rJkufWRAb5xk6d,16743,PA
AVwcoI15kufWRAb5xSDb,73117,OK
AVweYgEQIN2L1WUf4bg9,97330,OR
AVweDjqmkufWRAb5_nSL,73103,OK
AVwdOfg2_7pvs4fz3nQv,46032,IN
AVweKwUFkufWRAb5Alqj,46280,IN
AVwcvbh6ByjofQCxhqkB,72401,AR
AVwcoBudkufWRAb5xQ4d,19406,PA
AVwdiqKWByjofQCxqIWs,97756,OR
AVwcjj8mkufWRAb5wePc,38804,MS
AVweNZ3sIN2L1WUf28Q5,23666,VA
AVwdAGsqkufWRAb51R0n,20176,VA
AVwc70fJ_7pvs4fz0hwm,37738,TN
AVweLlxcByjofQCxv-pm,53555,WI
AVwc6WwdByjofQCxjiqU,4064,ME
AVwdDFx5IN2L1WUfrq4i,63901,MO
AVwdKn0VIN2L1WUfs422,28642,NC
AVwdHgCJkufWRAb52eW9,97110,OR
AVwc-U9c_7pvs4fz07ST,16509,PA
AVwdiY_dkufWRAb563jq,14203,NY
AVweXH1XkufWRAb5CP89,14225,NY
AVwcj6G_kufWRAb5wiCP,16509,PA
AVwdDngaByjofQCxlDbv,12986,NY
AVweCO4p_7pvs4fz_dfn,14850,NY
AVwdLsQUkufWRAb53KXI,12457,NY
AVwcfTze_7pvs4fzvnrH,97305,OR
AVwdxVLG_7pvs4fz9Hv-,80021,CO
AVweAlEkkufWRAb5_MLJ,3304,NH
AVwd3bE8IN2L1WUfz5fz,55420,MN
AV1flwEc3-Khe5l_NQgC,43219,OH
AV1eSrxWa4HuVbed6uJA,79410,TX
AVweFFJ8_7pvs4fz_2Z6,61801,IL
AWE85RGda4HuVbedN5Mp,50313,IA
AVwdnkMSByjofQCxq5IK,30545,GA
AVwel2fpIN2L1WUf6YOc,2747,MA
AV1thPkIRxPSIh2Rbd0g,37411,TN
AVwdqHqb_7pvs4fz8ECS,79079,TX
AVwdNsjLIN2L1WUftaK1,1832,MA
AVweSsy-kufWRAb5BqZh,30009,GA
AVwdLZsIkufWRAb53HEC,30253,GA
AVweHqHmIN2L1WUf2J57,83854,ID
AV1eToleIxWefVJwfcob,46368,IN
AVwdxgWbkufWRAb59IJa,29926,SC
AVwc0KG7_7pvs4fzzQPi,93103,CA
AVwcmA4lIN2L1WUfmuqr,28741,NC
AVwc9SLq_7pvs4fz0we5,14225,NY
AVwc2VrtByjofQCxi25D,33019,FL
AVwdH_hE_7pvs4fz2goy,46032,IN
AVwdHZjC_7pvs4fz2au_,33966,FL
AVwdb_kt_7pvs4fz55eY,68701,NE
AVwdISUEByjofQCxly66,63117,MO
AVwcsIglByjofQCxhGqI,31548,GA
AVwd3cM2ByjofQCxtMDU,12812,NY
AVwciRDBByjofQCxfUj4,13420,NY
AVweLQFEByjofQCxv70t,87102,NM
AVwdf2GAkufWRAb56ehu,87507,NM
AV1eSxIH3-Khe5l_NEKD,74361,OK
AVwdTNQcIN2L1WUfuXG6,73149,OK
AVwcoi3VkufWRAb5xWYR,46818,IN
AVwdUM44_7pvs4fz4leH,98569,WA
AVwdHomB_7pvs4fz2dSO,29223,SC
AVweh-i3ByjofQCxzFv2,29072,SC
AVwcrNvj_7pvs4fzxvzo,30907,GA
AVwc26VbByjofQCxi9HV,30907,GA
AVwc7Qx9ByjofQCxjsf8,29577,SC
AVwdNgqSIN2L1WUftYV0,17404,PA
AVwda3B-IN2L1WUfvoCd,16038,PA
AVwdDhFSkufWRAb511TE,4653,ME
AVwc2mIrIN2L1WUfpm46,4017,ME
AV23rYbbIxWefVJwjO4a,98837,WA
AVwec6Il_7pvs4fzDGys,97367,OR
AVwdBhC1ByjofQCxktMW,92056,CA
AVwemomx_7pvs4fzEjTa,45202,OH
AV1eS_1iIxWefVJwfbSC,71303,LA
AVwcnnZvkufWRAb5xMaa,80634,CO
AVweRtPt_7pvs4fzBk5a,4064,ME
AVweTl96IN2L1WUf3xbq,78758,TX
AVwc_pMmkufWRAb51Mpq,79703,TX
AWE2I5Nv3-Khe5l_fxSI,79762,TX
AVwc7A4mkufWRAb50c7D,37312,TN
AVwdLpN1kufWRAb53J1z,83706,ID
AVweC5sZByjofQCxuzI-,3276,NH
AVwc15Vm_7pvs4fzziHL,89034,NV
AVwcpGlGIN2L1WUfnRmb,23150,VA
AVwdf_AlByjofQCxpuGj,32118,FL
AVweeObzIN2L1WUf5Pdb,32720,FL
AVwc9Ma4kufWRAb50y2U,65686,MO
AVwegRxpkufWRAb5DjDF,80517,CO
AVwdjhx2IN2L1WUfw9fj,5751,VT
AWE8DmwzRxPSIh2RsqE3,44663,OH
AVweaPQMByjofQCxx8X2,43202,OH
AVwdQlmrIN2L1WUft68_,3276,NH
AV1eTBB-RxPSIh2RZ3tP,5148,VT
AVwegJ9-ByjofQCxy0ab,23320,VA
AVwcmxTz_7pvs4fzw-Ld,31069,GA
AWE7_G_fRxPSIh2Rsot1,37863,TN
AVwekYtJ_7pvs4fzEPLW,32504,FL
AVwelOCmIN2L1WUf6Spq,32504,FL
AVwcxZSWkufWRAb5y2wv,63102,MO
AVwdUbF0IN2L1WUfujkl,1095,MA
AVwclkvmByjofQCxf8Ra,25401,WV
AVwctHQpIN2L1WUfn-Rp,21236,MD
AVwdPtI6IN2L1WUftxA0,33019,FL
AVwcos3ZkufWRAb5xYF0,29565,SC
AVwc4NiY_7pvs4fzz7Id,11435,NY
AVwc2TYnByjofQCxi2dW,14891,NY
AVwdBbw2IN2L1WUfrZjp,18641,PA
AVwdreRhkufWRAb58RD3,38637,MS
AVwcsz89_7pvs4fzyBb3,30080,GA
AVweYDZ1kufWRAb5CXzQ,75050,TX
AVwc69WpkufWRAb50cQn,27604,NC
AVwc9xRPByjofQCxkGiH,74107,OK
AVweiNvCIN2L1WUf5181,79072,TX
AVweNSZkIN2L1WUf27Ye,18519,PA
AV1eUAKnIxWefVJwfdbu,79772,TX
AVwcj-WOByjofQCxfpI1,79102,TX
AVwdxdJM_7pvs4fz9Iyg,53965,WI
AVzBA2PM3D1zeR_xBET7,96815,HI
AVwddzTXIN2L1WUfwGRK,29935,SC
AVweVnO2kufWRAb5CDXL,29927,SC
AVweGRPBkufWRAb5_-hv,11434,NY
AVwcpwjo_7pvs4fzxffC,23455,VA
AVwdxO0qkufWRAb59Ft6,37421,TN
AVwcgNXgByjofQCxe8mD,30067,GA
AV0Z9NhT-gnIPe8DVrWO,79720,TX
AVwdP-nYByjofQCxnHF2,76132,TX
AVweCDuDkufWRAb5_Z1N,77536,TX
AVwczuhu_7pvs4fzzLiG,48201,MI
AVwcgS0L_7pvs4fzvyzi,85704,AZ
AVwdbokNkufWRAb552A2,85225,AZ
AVwc_G8N_7pvs4fz1Drf,85251,AZ
AVwcxVRZkufWRAb5y2BN,85935,AZ
AVwdA8uskufWRAb51aP5,99801,AK
AVwci_qUIN2L1WUfmKNQ,38655,MS
AVwd2AlZ_7pvs4fz9w0L,66502,KS
AVwdcoMXIN2L1WUfv6-B,69153,NE
AVwdvAQP_7pvs4fz8xub,64112,MO
AVwd7KfcByjofQCxttOJ,64158,MO
AVweKVYhkufWRAb5AiRW,99611,AK
AVwcug9Q_7pvs4fzyTf5,26651,WV
AVwdYr0EIN2L1WUfvQ7x,24382,VA
AVwd6zYYkufWRAb5-ZPR,29341,SC
AVwdHqk9kufWRAb52gKu,37419,TN
AVwckX0nIN2L1WUfma_S,3743,NH
AVwdnUivByjofQCxq2vk,70601,LA
AVwehrU8ByjofQCxzC3S,59270,MT
AV1th4WFRxPSIh2Rbf9f,4270,ME
AVwcrLZyByjofQCxg76W,81321,CO
AVwdRR0TByjofQCxnVeZ,83501,ID
AWE70Igw3-Khe5l_f-eW,61834,IL
AVwcle8gIN2L1WUfmoHH,85935,AZ
AVwc7gsDkufWRAb50iL_,96761,HI
AVwcxBWSIN2L1WUfop66,57201,SD
AV1Ts51FLD2H7whiaPkN,80221,CO
AVwc67ME_7pvs4fz0YVR,85202,AZ
AVwdbFoBIN2L1WUfvqbg,67206,KS
AVwdfXNekufWRAb56Z8V,50010,IA
AVweL5CdByjofQCxwBUY,14202,NY
AVwdafbo_7pvs4fz5oo0,49770,MI
AVwcjuNpIN2L1WUfmTHV,80524,CO
AVwedHa5_7pvs4fzDIkG,32536,FL
AVweGHNYByjofQCxvOix,92277,CA
AVwcj90pByjofQCxfpCx,99350,WA
AVwebsFjIN2L1WUf43Xy,98250,WA
AVwcqZ3LIN2L1WUfnf7-,54650,WI
AVwdOMTvIN2L1WUftfxd,66762,KS
AVwc5ZR8IN2L1WUfqE_6,67951,KS
AVwdBbMo_7pvs4fz1cH1,67601,KS
AVweHd8lIN2L1WUf2IG1,69021,NE
AWE7eL6LIxWefVJwyMFd,51106,IA
AVwdqDNv_7pvs4fz8DVi,56649,MN
AVweNfSQIN2L1WUf29Gs,55767,MN
AV1tfpa83-Khe5l_Okjr,55069,MN
AVwc4XA3IN2L1WUfp5qS,30643,GA
AVwcfxRIIN2L1WUfllQe,30824,GA
AVwcgvkEkufWRAb5v9BO,56301,MN
AVwePAUB_7pvs4fzBNqz,56301,MN
AVweFwX2IN2L1WUf15Bx,30241,GA
AVwdahWKIN2L1WUfvkQW,31061,GA
AVwdgSq2IN2L1WUfweSG,63755,MO
AVwc03Tk_7pvs4fzzYKK,63801,MO
AVwcrbYy_7pvs4fzxyKK,65536,MO
AVwdUKJdByjofQCxnzt8,47807,IN
AVwdUA56ByjofQCxnyMd,46804,IN
AVwdEv8UkufWRAb52Cea,40202,KY
AVwdW-aS_7pvs4fz5Dro,32608,FL
AVwcgF6_kufWRAb5v1hE,54202,WI
AVwcfA0EkufWRAb5vo3B,22033,VA
AV1thf33RxPSIh2Rbey9,24019,VA
AVwciZq-IN2L1WUfmDEw,23230,VA
AVwdQZikkufWRAb53-mA,22201,VA
AVwclYVOByjofQCxf6Ax,29615,SC
AVwdyY1akufWRAb59QM1,29334,SC
AVwc2mYbIN2L1WUfpm8c,89118,NV
AVwdzZRj_7pvs4fz9ZsP,17013,PA
AVwdhhar_7pvs4fz6u49,75126,TX
AVweNBT6ByjofQCxwLZy,15146,PA
AVweSHCoIN2L1WUf3kki,15423,PA
AVwdxxNYByjofQCxsad0,75050,TX
AVwdwXySByjofQCxsNWW,16509,PA
AVwc4V22_7pvs4fzz8PT,47404,IN
AVwd17LcByjofQCxs_a-,21401,MD
AVwclphkIN2L1WUfmqLw,93023,CA
AVwdAqADkufWRAb51XJo,59425,MT
AVwcl6UkByjofQCxgAid,59715,MT
AVwePRwmIN2L1WUf3MEt,59808,MT
AVwdUl7HkufWRAb54rVG,59101,MT
AVwdM4A4IN2L1WUftRzm,59837,MT
AVweN60a_7pvs4fzBEks,59725,MT
AVwcgawiByjofQCxe_BJ,59301,MT
AVwcholOkufWRAb5wHvY,59301,MT
AVwcg_FA_7pvs4fzv699,59701,MT
AVwdncSbByjofQCxq31y,59715,MT
AVwdNXu9IN2L1WUftXDZ,58436,ND
AVwdCix9kufWRAb51q2n,58078,ND
AWE7QGqd3-Khe5l_f1aN,58701,ND
AVweMx5m_7pvs4fzA6mZ,28328,NC
AVwdqAsJByjofQCxrRZ9,58103,ND
AVwemUd1kufWRAb5EbtL,99747,AK
AVwejXAEkufWRAb5EAnf,82401,WY
AVwcuFWbIN2L1WUfoI9y,82426,WY
AVwdfQaMkufWRAb56ZBj,82426,WY
AVwc_h_W_7pvs4fz1IFB,82633,WY
AVwcgQ2mkufWRAb5v3Yr,82636,WY
AV1tg0O0IxWefVJwg_hX,82701,WY
AVzoCJ-SFcQ3k02bCu4t,87558,NM
AVwejuguIN2L1WUf6Eo4,87558,NM
AVwcih3fIN2L1WUfmEkG,87740,NM
AVwdmUJzByjofQCxqs0x,4442,ME
AVweJdyHIN2L1WUf2Z8p,25813,WV
AVwdzgUU_7pvs4fz9as9,78014,TX
AV1eT2tx3-Khe5l_NHdo,83420,ID
AV1eTjxva4HuVbed6wwd,75154,TX
AVwdeXZTByjofQCxpexg,78202,TX
AVz58fSi-gnIPe8DUnRl,78204,TX
AVwdmYcsIN2L1WUfxahW,76028,TX
AVwdiL2cIN2L1WUfwwW9,76107,TX
AVweh4-pkufWRAb5DyTv,76009,TX
AVwemLkAkufWRAb5EaiN,43123,OH
AVwduatUkufWRAb58rWL,65802,MO
AVwcngfikufWRAb5xLJA,43512,OH
AVwePN8GByjofQCxwdxr,30606,GA
AVwdJiqJByjofQCxmAAq,14513,NY
AVwdLbVWkufWRAb53HVw,44709,OH
AVwdqNIvIN2L1WUfyAk0,40202,KY
AVweJGA-_7pvs4fzAZvg,68154,NE
AVwdaBl_IN2L1WUfve6C,21236,MD
AVwcrM15kufWRAb5xzll,13166,NY
AVwdw5x6ByjofQCxsSDz,18470,PA
AV1fluZq3-Khe5l_NQfY,74135,OK
AVwde_7zByjofQCxpkZ_,45373,OH
AVwdco4EIN2L1WUfv7F0,43528,OH
AVweet8EkufWRAb5DUC9,28540,NC
AVwc199IkufWRAb5zmWw,3907,ME
AVwdKx0OkufWRAb53AHP,54234,WI
AVwc8zcmkufWRAb50vRJ,49720,MI
AVwclDt2ByjofQCxf2MW,53965,WI
AVwdO_hrkufWRAb53uR-,30117,GA
AVwcq39qByjofQCxg4PG,48604,MI
AVwd3GcuByjofQCxtJND,23227,VA
AVwdMln9_7pvs4fz3SYO,37814,TN
AVwdNh3b_7pvs4fz3ci8,23237,VA
AVwdXptqkufWRAb55MHX,47708,IN
AVwecLXEByjofQCxyOJN,61761,IL
AVwdVHaLByjofQCxn93n,52241,IA
AVwcjZFVByjofQCxfiPJ,52241,IA
AVwdtGOAByjofQCxrvBc,64108,MO
AVwcgD5KIN2L1WUfloPj,99202,WA
AVwcpN3KByjofQCxgl4H,77030,TX
AVwdXs1CIN2L1WUfvHA5,97128,OR
AVweQ0jG_7pvs4fzBdOy,93933,CA
AVwd6nz4ByjofQCxtopW,89109,NV
AVwcj3bZIN2L1WUfmUrW,52405,IA
AVwcjsLnByjofQCxfl0D,63110,MO
AVwdUDQhIN2L1WUfufoz,32583,FL
AVwcm8BqByjofQCxgMNw,7446,NJ
AVwcuIFlIN2L1WUfoJYt,27804,NC
AV0ZF_BK3D1zeR_xD615,19601,PA
AVwdYDlvIN2L1WUfvKsE,90401,CA
AVwc9QJoIN2L1WUfquoG,13326,NY
AVweTCvG_7pvs4fzBwvj,43123,OH
AVwekOWFkufWRAb5EJE9,45601,OH
AVwc3IYSkufWRAb5zywY,98275,WA
AVwdUCzsByjofQCxnyg3,93422,CA
AVwdcln_IN2L1WUfv6fs,32303,FL
AVwdR-VR_7pvs4fz4N6s,95490,CA
AVwdIqa4IN2L1WUfsjxr,95240,CA
AV1thiDE3-Khe5l_OwIo,93555,CA
AVweScCQ_7pvs4fzBrYa,23320,VA
AVwemhxrIN2L1WUf6d-H,77017,TX
AVwc4Kx9ByjofQCxjKhe,16853,PA
AVwdFDxLkufWRAb52Fqm,72012,AR
AVwdLK44ByjofQCxmRk9,3079,NH
AVwdBGY8IN2L1WUfrV71,7645,NJ
AVwd6dBSByjofQCxtnAI,45694,OH
AVwdATBeIN2L1WUfrNqv,21795,MD
AVwdAylcIN2L1WUfrSdZ,49090,MI
AVwc6PA1kufWRAb50UpC,33612,FL
AVwdFBBAByjofQCxlSDZ,98245,WA
AVwdZ1ZHIN2L1WUfvdFu,24141,VA
AVwdl53PIN2L1WUfxVsK,61108,IL
AVwdUmntIN2L1WUfuldh,94621,CA
AVwdFU74_7pvs4fz2FjM,45822,OH
AVwc9CkdIN2L1WUfqsfz,45040,OH
AVwdpG8dIN2L1WUfx1ku,57108,SD
AVwc3RCu_7pvs4fzzw5t,54143,WI
AVwc140q_7pvs4fzziCB,90405,CA
AVwegGrq_7pvs4fzDlvK,43219,OH
AV0aVd_HLD2H7whiZf0N,46013,IN
AVwc4Z7qIN2L1WUfp6Kv,60657,IL
AVwdX54iIN2L1WUfvJPW,61036,IL
AV1eTzDua4HuVbed6xdm,47112,IN
AVwejMbEkufWRAb5D_BS,94515,CA
AVwcwnzr_7pvs4fzyqea,23320,VA
AVwd9tomByjofQCxuElg,90248,CA
AVwehkkIkufWRAb5DvVT,72704,AR
AVwdi6wZ_7pvs4fz68lI,67748,KS
AVweRrTuIN2L1WUf3g0r,62028,IL
AVwd8zO8_7pvs4fz-sVz,15522,PA
AVwdC0JZkufWRAb51tvP,64079,MO
AVwcnnlA_7pvs4fzxIHx,66071,KS
AVwdV3-D_7pvs4fz43p7,22664,VA
AVwdcVLrkufWRAb559k2,14787,NY
AVwc6o7hkufWRAb50Y9Z,60018,IL
AVwdIFXTIN2L1WUfseQO,27514,NC
AVwczMKx_7pvs4fzzGNS,50036,IA
AVwd0UlI_7pvs4fz9iNt,48507,MI
AVwdUgZoByjofQCxn3a3,50010,IA
AV1eTGPGa4HuVbed6vEI,50125,IA
AVwc4ASCIN2L1WUfp2HV,93401,CA
AVwdlvhPIN2L1WUfxT4z,31093,GA
AVwcyzL2IN2L1WUfo9OK,30286,GA
AVweEY5PkufWRAb5_uXF,31210,GA
AVwd4AwpByjofQCxtQ1B,64150,MO
AVwc56TA_7pvs4fz0NdI,32550,FL
AVwebDxxIN2L1WUf4xWe,48917,MI
AVwcjA-mByjofQCxfdji,30326,GA
AVweSl1nkufWRAb5BpSv,98620,WA
AV1thYQqIxWefVJwhCq5,98382,WA
AVwd8u3IByjofQCxt7iv,78230,TX
AVwd8lkCkufWRAb5-ovy,92627,CA
AVwd6H96ByjofQCxtj6e,26651,WV
AVwc5kWBIN2L1WUfqHFe,66044,KS
AVweEIzaIN2L1WUf1rPT,67401,KS
AVwc-wvKkufWRAb51DD3,80620,CO
AVwdptatkufWRAb57_Vx,57106,SD
AVweX4IhByjofQCxxoUD,73108,OK
AVwc1q6iIN2L1WUfpc6x,61356,IL
AVwd8LKkByjofQCxt2bv,66061,KS
AVweNJ6YIN2L1WUf26XW,3842,NH
AVwcrIvnByjofQCxg7XT,91755,CA
AVwdH0qjIN2L1WUfsbtC,34689,FL
AVwdPxoPByjofQCxnEpc,54817,WI
AVwci7u9kufWRAb5wW_w,53965,WI
AVwd5Ep5kufWRAb5-KTd,30110,GA
AVwdME-MIN2L1WUftJCa,23169,VA
AVwdEhRPkufWRAb51__P,22939,VA
AVwd9-b__7pvs4fz-3Lo,24382,VA
AVwchAIHIN2L1WUflybT,24012,VA
AVwd56QJkufWRAb5-Rlk,24501,VA
AVwd8O2IkufWRAb5-lof,24502,VA
AVwc6K4B_7pvs4fz0QVw,84720,UT
AVwdGjCeIN2L1WUfsOyu,97828,OR
AVweY87ykufWRAb5CfPN,97039,OR
AVweCH9H_7pvs4fz_cp3,97630,OR
AVwc95mPByjofQCxkH5E,99166,WA
AVwczYHRkufWRAb5zLo3,97504,OR
AVwdrmkuByjofQCxrhQ_,97504,OR
AVwdVX_-kufWRAb54zqj,97526,OR
AVwdFaMvByjofQCxlVxe,84654,UT
AVweC4uK_7pvs4fz_jw_,32207,FL
AVwdSsYXkufWRAb54XOJ,12814,NY
AV1th1nJIxWefVJwhEJj,46733,IN
AVwdNTvW_7pvs4fz3aW1,40004,KY
AVwdgZzEByjofQCxpydr,93210,CA
AVwcnatSByjofQCxgRWn,96080,CA
AVwdruEyByjofQCxriTe,49417,MI
AVwcpk6xIN2L1WUfnXBN,49701,MI
AVwc5DdcIN2L1WUfqBcg,71111,LA
AVwc6R4-ByjofQCxjhyS,38671,MS
AVwdfryv_7pvs4fz6cj_,85635,AZ
AVwdnweuIN2L1WUfxn_p,86004,AZ
AVwc5Jjt_7pvs4fz0Flg,25302,WV
AVweQCf9IN2L1WUf3S5l,67401,KS
AVwci4LJIN2L1WUfmI3N,72653,AR
AVwdsyjikufWRAb58c4a,82834,WY
AVwdcEKL_7pvs4fz56WS,37027,TN
AVwclMBaByjofQCxf3th,57106,SD
AVwdBWqF_7pvs4fz1bVz,95138-1858,CA
AVwd5cg-_7pvs4fz-O7r,22182-2214,VA
AV1tgf5nIxWefVJwg9W3,41018-1082,KY
AWB2c3w1a4HuVbedJ8gL,23234-2240,VA
AVweHpjLkufWRAb5AKz5,98590,WA
AV1tg9hD3-Khe5l_OtaK,07728-2514,NJ
AVwcth-hIN2L1WUfoDDW,8837,NJ
AVwckrzgIN2L1WUfmej7,49781,MI
AVwdso0wByjofQCxrqzS,54880-6807,WI
AVwdbTmHIN2L1WUfvs0L,59410,MT
AVwdHxRlIN2L1WUfsbLF,99572,AK
AVweCJCoByjofQCxusEc,92081-7563,CA
AVwd-d94IN2L1WUf047o,53221,WI
AVwd-iRekufWRAb5-6uD,14467-9374,NY
AVwcglyFByjofQCxfA1m,32819-8274,FL
AVwd_M1-_7pvs4fz_Cib,87520,NM
AVwdd0UIkufWRAb56L_a,12164,NY
AWB2m-qm3-Khe5l_cVmM,24153-3003,VA
AVweU_-rkufWRAb5B93h,80829-2426,CO
AVwdyngyIN2L1WUfzPtS,98257,WA
AV1tiFF63-Khe5l_OxpE,13755,NY
AVwcfVPF_7pvs4fzvn9R,33924,FL
AVwd69mm_7pvs4fz-cEZ,98003,WA
AV6a8cTwIxWefVJwqvv4,90069-3802,CA
AVwdkIHeIN2L1WUfxD0o,23602-4509,VA
AVwd5MP2ByjofQCxtblL,07856-1301,NJ
AVzoElk_-gnIPe8DT7CH,44122-4401,OH
AV1c2L3Aa4HuVbed5hnF,11590,NY
AVwdAo5w_7pvs4fz1T3w,28144,NC
AVwcpCpt_7pvs4fzxXw0,3215,NH
AV1eSw2K3-Khe5l_NEJM,85928,AZ
AVwdZ9a8_7pvs4fz5jLp,16354,PA
AVwdqueOIN2L1WUfyFlr,58441,ND
AVweOQzokufWRAb5BEFj,85226-3194,AZ
AV1eTVLfa4HuVbed6v61,58801,ND
AVwc7mVnByjofQCxjwJZ,81008-1033,CO
AWEKmguXRxPSIh2Rrh4r,46637-3313,IN
AVwcioGEIN2L1WUfmF2z,99517,AK
AVwdRcg_kufWRAb54KIh,46511-1507,IN
AVweWiy6kufWRAb5CK9f,2666,MA
AVwdEQ_i_7pvs4fz16ZU,24927,WV
AVweY-gk_7pvs4fzCjdi,92314-9210,CA
AVwdfibV_7pvs4fz6bKn,79734,TX
AVwedwDLIN2L1WUf5K9-,29439,SC
AVwds2jfkufWRAb58dgU,90026-5302,CA
AV0v_OlQLD2H7whiZv_5,44010,OH
AVwdVj1eByjofQCxoCf8,98595,WA
AVwdLl_SByjofQCxmWo9,45505,OH
AV0aI23wFcQ3k02bEoYo,65804,MO
AV0Z9NhtFcQ3k02bEj2u,79720,TX
AVwcwt3ZIN2L1WUfomUi,99133,WA
AVwc3Cv_ByjofQCxi-sH,31903,GA
AVwcf14lByjofQCxe5Er,23502,VA
AVwdhhJP_7pvs4fz6u1m,92225,CA
AVwdAXQMByjofQCxkg93,6455,CT
AVwdjT8ckufWRAb57AZm,80545,CO
AVwc6pA3kufWRAb50Y-l,66064,KS
AVwejnobkufWRAb5EDV8,60559,IL
AVwejek7_7pvs4fzEGfs,85390,AZ
AVweP9-2IN2L1WUf3SRI,28719,NC
AVwdcK7I_7pvs4fz57Qv,68434,NE
AVweXbTmIN2L1WUf4STM,47167,IN
AVwdaFddIN2L1WUfvfi6,17821,PA
AVwcuoay_7pvs4fzyUk4,12845,NY
AVwdDHwjByjofQCxk99T,45640,OH
AVwc3lf-kufWRAb5z3_N,44906,OH
AVwdm9yoByjofQCxqzbY,45840,OH
AVweOJlEByjofQCxwU4T,65712,MO
AV1eUGWzRxPSIh2RZ6CZ,78654,TX
AVweBokS_7pvs4fz_YJ2,30553,GA
AVwc83FykufWRAb50v4c,49417,MI
AVwdspn9ByjofQCxrq7r,29301,SC
AVwdTz_0_7pvs4fz4hYe,14564,NY
AVwcnusNByjofQCxgVKG,14624,NY
AVwcjnE8kufWRAb5we1x,27522,NC
AVwd-KFckufWRAb5-3Gs,4072,ME
AVwdAvuJIN2L1WUfrSA6,33315,FL
AVweOrbz_7pvs4fzBLCK,19713,DE
AVwcu-YOkufWRAb5ycEC,54701,WI
AV1tgk9i3-Khe5l_Oq36,38751,MS
AVwdKzRHkufWRAb53ATl,59101,MT
AVwdEJ47IN2L1WUfr2te,59101,MT
AVwc9_IUByjofQCxkI2N,59405,MT
AVweT38g_7pvs4fzB3oY,63654,MO
AVwch1yXByjofQCxfPO7,63628,MO
AVwc_oDC_7pvs4fz1JSv,32541,FL
AVwciVr4kufWRAb5wQRk,54650,WI
AVweEflb_7pvs4fz_xiB,51041,IA
AV1eTNWV3-Khe5l_NFXP,50536,IA
AVwcnURaIN2L1WUfm9M5,51106,IA
AVwdUtmQByjofQCxn5nB,46250,IN
AVweWSoMIN2L1WUf4Ia6,49503,MI
AVweBsLZIN2L1WUf1VmW,34117,FL
AVzj4ARrFcQ3k02bClGt,72110,AR
AVwdTAuO_7pvs4fz4ZRE,72762,AR
AVwdiJBp_7pvs4fz603a,71801,AR
AVweCSRe_7pvs4fz_d_D,72401,AR
AVweetE9ByjofQCxymeX,70767,LA
AVweEGK3IN2L1WUf1q4c,86351,AZ
AVwdKKpiByjofQCxmGmA,49862,MI
AVwePM5c_7pvs4fzBPRS,41102,KY
AVwedqSb_7pvs4fzDNmB,72704,AR
AVwce2Mi_7pvs4fzvh1U,69101,NE
AVweKrF8_7pvs4fzAnxs,53965,WI
AVwdJEx8kufWRAb52t2p,60015,IL
AVwdb2TPByjofQCxpFwT,23323,VA
AVwef6iIByjofQCxyyMK,73030,OK
AV1flynma4HuVbed66sW,98371,WA
AVwd4encByjofQCxtVBh,72149,AR
AVwdo1c0ByjofQCxrFpl,72801,AR
AVwdQdH8_7pvs4fz39NN,72802,AR
AVwdxBZ4kufWRAb59Do2,98057,WA
AV5Z9iNcRxPSIh2RjJ-v,49444,MI
AVweGf8YkufWRAb5AAev,34677,FL
AVwdI8IG_7pvs4fz2p3a,78704,TX
AVwdmfCq_7pvs4fz7fzs,44830,OH
AVwdEeMTkufWRAb51_df,78704,TX
AVwdWJtQIN2L1WUfu2X7,32118,FL
AVwdfEPTByjofQCxpk_E,43110,OH
AVwdP-kE_7pvs4fz335P,12522,NY
AVwdj_8FIN2L1WUfxCf1,31069,GA
AVwdNApbIN2L1WUftTMk,53821,WI
AVwc5u3HByjofQCxjbvH,83706,ID
AVwcnosC_7pvs4fzxIW9,33607,FL
AVwdHWh8kufWRAb52czl,87109,NM
AVweODHuByjofQCxwUBx,2453,MA
AVweWHMbIN2L1WUf4G8H,34217,FL
AVwdLK4ikufWRAb53EKT,17111,PA
AVwcjB0S_7pvs4fzwTam,1033,MA
AVwejVzQ_7pvs4fzEE-j,46112,IN
AVweiOv3IN2L1WUf52GS,55901,MN
AVwdms1L_7pvs4fz7iCm,45694,OH
AVwdM8EOByjofQCxmlWu,50428,IA
AVweEl_IkufWRAb5_v-l,52641,IA
AVwdBQ7sByjofQCxkqax,52722,IA
AVwcw2tT_7pvs4fzys5x,51106,IA
AVwdGpIjkufWRAb52Vet,19508,PA
AVwdgx7y_7pvs4fz6nah,70634,LA
AVwdE09W_7pvs4fz2Ah9,47933,IN
AVwdPyYCByjofQCxnEzt,52241,IA
AVweX4tvkufWRAb5CWZA,32778,FL
AVwdBupYkufWRAb51iUK,31548,GA
AVwc4FrxByjofQCxjJsS,31408,GA
AVwcjWXGByjofQCxfhsx,97801,OR
AVweLDv__7pvs4fzArHN,97050,OR
AVwebGZ2kufWRAb5Cxfs,97367,OR
AVwc3iwLkufWRAb5z3a8,97603,OR
AVwd3ST_kufWRAb596Sp,57790,SD
AVwcfwU6IN2L1WUfllJS,37110,TN
AVwchQgvByjofQCxfIJY,99689,AK
AVwdbAUYIN2L1WUfvpoH,79925,TX
AVwcydgrIN2L1WUfo5e4,97501,OR
AVwc8ZYIByjofQCxj4ti,28226,NC
AVwcg8X-_7pvs4fzv6c4,58640,ND
AVwdvb98kufWRAb580xX,49686,MI
AVwedKLUkufWRAb5DEzN,72301,AR
AVwdbrLrkufWRAb552du,12206,NY
AVwdiI4k_7pvs4fz6013,28719,NC
AVwcoeRtIN2L1WUfnKXF,28779,NC
AVwdRL-jByjofQCxnUmO,55949,MN
AVwc8iv1_7pvs4fz0pPO,54201,WI
AVwc6p2DIN2L1WUfqTIg,5751,VT
AVwecGMaByjofQCxyNSO,5849,VT
AVwdZ3LO_7pvs4fz5iKN,5736,VT
AVwcz4HEIN2L1WUfpJOP,79022,TX
AVwditu0_7pvs4fz66oo,79718,TX
AVweWUHakufWRAb5CJFL,84759,UT
AVwdXmLw_7pvs4fz5KVd,85040,AZ
AVwdPsyBkufWRAb532b2,34217,FL
AVweDfpkkufWRAb5_mr_,99301,WA
AVweFm3I_7pvs4fz_7Hu,8735,NJ
AVwd_PAVIN2L1WUf0_v7,16443,PA
AVwcuaVJkufWRAb5yWBw,16509,PA
AVwcmpdjkufWRAb5xBI5,32176,FL
AVwcpbnUkufWRAb5xf9I,79605,TX
AVwc5iSZIN2L1WUfqGpg,37072,TN
AVwcpqjJ_7pvs4fzxeee,45414,OH
AVwdogRjByjofQCxrCe9,70769,LA
AVwc2UTzIN2L1WUfpjyU,33809,FL
AVweLt2CByjofQCxv_z8,13478,NY
AV1eS84ia4HuVbed6uqW,79922,TX
AVwefn0lIN2L1WUf5dOq,32132,FL
AVweE3AI_7pvs4fz_0iG,32176,FL
AVwcpYgy_7pvs4fzxbZZ,86004,AZ
AVwds1X4ByjofQCxrskC,19958,DE
AVwc_Or5ByjofQCxkVYc,78119,TX
AVweWw5jIN2L1WUf4Mgx,53965,WI
AVwdpQVj_7pvs4fz77D7,16217,PA
AVwc9s5wkufWRAb504CD,16601,PA
AVwdmiPGByjofQCxqvFW,37188,TN
AVwcqTprkufWRAb5xpQD,97322,OR
AVwefFAJkufWRAb5DXfO,97338,OR
AVweCHqUIN2L1WUf1Zlj,58203,ND
AVwdsAlbIN2L1WUfySgQ,89801,NV
AVwcgJuLByjofQCxe8Af,30339,GA
AVwedE-AIN2L1WUf5Eji,59715,MT
AVwd6ZvD_7pvs4fz-XZ2,61801,IL
AVwd_sfHByjofQCxuVyK,50644,IA
AVwdjTj2_7pvs4fz7ATC,34747,FL
AVwdkDuP_7pvs4fz7H-Z,31907,GA
AVwdXjyV_7pvs4fz5J6n,34747,FL
AVwdQ23e_7pvs4fz4CI-,1201,MA
AVweZd_8ByjofQCxx1xO,34741,FL
AVwczQY9_7pvs4fzzG0M,70363,LA
AVweeQx7_7pvs4fzDTn7,71202,LA
AVwczYNXIN2L1WUfpDor,98273,WA
AVwclzm4IN2L1WUfmsNN,99362,WA
AVwdVlVNIN2L1WUfuv2g,96756,HI
AVwc2oVH_7pvs4fzzp_D,96704,HI
AVwdVETiByjofQCxn9Vz,54615,WI
AVwciwtb_7pvs4fzwQbk,30346,GA
AV1tgSS_3-Khe5l_Oo_Q,54501,WI
AVweNWDy_7pvs4fzA_Zj,53081,WI
AVwdu0Vh_7pvs4fz8v7G,45377,OH
AVwdM1o1_7pvs4fz3VO8,45505,OH
AVwcrhPy_7pvs4fzxzN3,53075,WI
AVwcpdJEIN2L1WUfnVvk,38671,MS
AVwduO_tByjofQCxr5Q9,26807,WV
AVwclgmkkufWRAb5w0B4,24739,WV
AVwdO9ow_7pvs4fz3sFg,67070,KS
AVwc-sD2IN2L1WUfq9BD,67401,KS
AVweFhzX_7pvs4fz_6aX,72653,AR
AVwdhaD_ByjofQCxp8Ff,82441,WY
AVwckhgvIN2L1WUfmcyZ,97756,OR
AVwdkZON_7pvs4fz7LES,49829,MI
AVwecRCQkufWRAb5C8lN,49938,MI
AVwefkLpIN2L1WUf5csY,49938,MI
AVwcfx4KByjofQCxe4YR,4609,ME
AVwdFZz6_7pvs4fz2GR2,97703,OR
AVwd-tg4ByjofQCxuNg4,14618,NY
AVwcxwHqkufWRAb5y6eL,97439,OR
AVwdXrDyByjofQCxoZt5,19713,DE
AVwcu5r4_7pvs4fzyXc5,77598,TX
AVweH9mjIN2L1WUf2M8b,32401,FL
AVwcuo0eIN2L1WUfoPEk,40503,KY
AVwdGlW_ByjofQCxlh1Q,42127,KY
AVwctB6FByjofQCxhQOK,42749,KY
AVwc6ndVByjofQCxjlhg,42503,KY
AVweGu-NIN2L1WUf2Bve,71852,AR
AVwdKmVNByjofQCxmLae,72422,AR
AVz3ZO-6LD2H7whiYJt9,72632,AR
AVwd7jjp_7pvs4fz-hWr,71854,AR
AVwctBJzkufWRAb5yHSB,45202,OH
AVwcwjxb_7pvs4fzypzm,27705,NC
AVwc3IOzIN2L1WUfpsrn,59101,MT
AVwdnk8DByjofQCxq5QQ,75701,TX
AVweZVHJkufWRAb5Cihr,28134,NC
AVweW1cfIN2L1WUf4NPl,44514,OH
AVwdLRGWByjofQCxmSwQ,27703,NC
AVwdkDeyByjofQCxqWDs,87104,NM
AVweEv4N_7pvs4fz_znl,48722,MI
AVwdo7qA_7pvs4fz73x2,54234,WI
AVwd0oJekufWRAb59jyK,31328,GA
AVwdHCVR_7pvs4fz2W6e,54904,WI
AVwdDBHkByjofQCxk81L,78501,TX
AVwdnzQxkufWRAb57sZn,64057,MO
AVwdp_SbIN2L1WUfx-UO,19610,PA
AVwcez7uIN2L1WUflaaT,97504,OR
AVwciNfNByjofQCxfT0U,89118,NV
AVwd2UjzkufWRAb59x-k,1930,MA
AVwchkDGByjofQCxfL3V,48734,MI
AVwcx_kXByjofQCxiH4A,96753,HI
AVwchrgQ_7pvs4fzwDjw,25801,WV
AVwee2pBByjofQCxyn7J,99001,WA
AVweD0WxkufWRAb5_pfZ,98101,WA
AVwdZANLIN2L1WUfvUeh,10543,NY
AVwdO8_m_7pvs4fz3r-1,84321,UT
AVwdmE-MByjofQCxqqV1,60601,IL
AVwektT2kufWRAb5ENbs,24382,VA
AVweAcN3ByjofQCxuchu,30121,GA
AVwehcBPByjofQCxzAgl,49782,MI
AVwekISWByjofQCxzazT,60007,IL
AVweP3PH_7pvs4fzBVEk,32536,FL
AVweKSfvIN2L1WUf2hec,98003,WA
AV1fldKOIxWefVJwfjqX,85353,AZ
AVwd0qGcIN2L1WUfzh2y,27203,NC
AV1b9aye-gnIPe8DXEvo,99352-4373,WA
AWCACkxFa4HuVbedJ_Az,81082-3616,CO
AVwdkcM1IN2L1WUfxG34,01752-1917,MA
AVwdfegEkufWRAb56a_N,53821-8739,WI
AVweW6CVkufWRAb5COOK,87507-7207,NM
AVwedlM6_7pvs4fzDM1V,84726-7700,UT
AVwdWKXVIN2L1WUfu2f0,82834,WY
AVwddCJ5_7pvs4fz6EEg,17572-9771,PA
AVwcl7j8kufWRAb5w5Fr,03580-4807,NH
AVwdAgJo_7pvs4fz1SiX,02631-1035,MA
AVweSTPxIN2L1WUf3mT4,13350-2205,NY
AVwcipE1IN2L1WUfmGE1,43551-9746,OH
AVwdy5fJIN2L1WUfzST5,82941,WY
AVwegsSIkufWRAb5Dm7z,98230,WA
AWCACesxIxWefVJwvFDm,92021-5618,CA
AVwdDZWXkufWRAb510Ab,67216-1771,KS
AVwdrRT__7pvs4fz8PwS,85225,AZ
AVwc1O06_7pvs4fzzbzB,3755,NH
AVweL0q1kufWRAb5Au6K,83713-1729,ID
AVwd4TMv_7pvs4fz-Ers,97136-9596,OR
AVwdRp4DIN2L1WUfuGZZ,02537-1472,MA
AVwd1TbkByjofQCxs6FH,83814-9338,ID
AVwdHbizIN2L1WUfsXto,38305-4922,TN
AVwddMfdIN2L1WUfwAue,99503-5679,AK
